[
null,
{"id":1,"expanded":true,"name":"MAP001","order":1,"parentId":0,"scrollX":832,"scrollY":640},
{"id":2,"expanded":true,"name":"MAP002","order":3,"parentId":1,"scrollX":772,"scrollY":494.6666666666667},
{"id":3,"expanded":true,"name":"MAP003","order":4,"parentId":1,"scrollX":772,"scrollY":494.6666666666667},
null,
{"id":5,"expanded":true,"name":"\"studio\"","order":5,"parentId":0,"scrollX":1882.6666666666667,"scrollY":658.6666666666666},
{"id":6,"expanded":false,"name":"Big House 2F","order":6,"parentId":5,"scrollX":761.3333333333334,"scrollY":658.6666666666666},
{"id":7,"expanded":false,"name":"Lab Room","order":7,"parentId":5,"scrollX":574,"scrollY":494.6666666666667},
{"id":8,"expanded":false,"name":"MAP008","order":8,"parentId":0,"scrollX":1686,"scrollY":3602},
{"id":9,"expanded":false,"name":"MAP009","order":9,"parentId":0,"scrollX":1686.75,"scrollY":544.5},
{"id":10,"expanded":false,"name":"INTRO","order":10,"parentId":0,"scrollX":772,"scrollY":494.6666666666667},
{"id":11,"expanded":true,"name":"MAP011","order":2,"parentId":1,"scrollX":772,"scrollY":494.6666666666667}
]