[
null,
{"id":1,"list":[{"code":122,"indent":0,"parameters":[1,1,0,3,5,-1,0]},{"code":122,"indent":0,"parameters":[2,2,0,3,5,-1,1]},{"code":0,"indent":0,"parameters":[]}],"name":"where is player?","switchId":1,"trigger":0},
{"id":2,"list":[{"code":122,"indent":0,"parameters":[3,3,0,2,0,8]},{"code":0,"indent":0,"parameters":[]}],"name":"Roll for room","switchId":1,"trigger":0},
{"id":3,"list":[{"code":355,"indent":0,"parameters":["roomDesc();"]},{"code":0,"indent":0,"parameters":[]}],"name":"Tell for room","switchId":1,"trigger":0},
{"id":4,"list":[{"code":122,"indent":0,"parameters":[6,6,0,2,0,6000]},{"code":117,"indent":0,"parameters":[16]},{"code":111,"indent":0,"parameters":[1,4,0,0,5]},{"code":121,"indent":1,"parameters":[2,2,0]},{"code":117,"indent":1,"parameters":[25]},{"code":0,"indent":1,"parameters":[]},{"code":412,"indent":0,"parameters":[]},{"code":0,"indent":0,"parameters":[]}],"name":"Roll for mon","switchId":1,"trigger":0},
{"id":5,"list":[{"code":355,"indent":0,"parameters":["monTell ();"]},{"code":0,"indent":0,"parameters":[]}],"name":"Tell for mon","switchId":1,"trigger":0},
{"id":6,"list":[{"code":122,"indent":0,"parameters":[5,5,0,2,1,900]},{"code":111,"indent":0,"parameters":[1,5,0,601,3]},{"code":101,"indent":1,"parameters":["",0,0,2]},{"code":401,"indent":1,"parameters":["There's no loot here."]},{"code":0,"indent":1,"parameters":[]},{"code":411,"indent":0,"parameters":[]},{"code":101,"indent":1,"parameters":["",0,0,2]},{"code":401,"indent":1,"parameters":["It looks like there's something to loot in this room!"]},{"code":121,"indent":1,"parameters":[3,3,0]},{"code":0,"indent":1,"parameters":[]},{"code":412,"indent":0,"parameters":[]},{"code":0,"indent":0,"parameters":[]}],"name":"Roll for loot","switchId":1,"trigger":0},
{"id":7,"list":[{"code":111,"indent":0,"parameters":[0,5,0]},{"code":101,"indent":1,"parameters":["",0,0,2]},{"code":401,"indent":1,"parameters":["There's a stairway down here..."]},{"code":401,"indent":1,"parameters":["Would you like to descend?"]},{"code":102,"indent":1,"parameters":[["Yes","No"],1,0,2,0]},{"code":402,"indent":1,"parameters":[0,"Yes"]},{"code":111,"indent":2,"parameters":[0,6,0]},{"code":101,"indent":3,"parameters":["",0,0,2]},{"code":401,"indent":3,"parameters":["You used the key you found to open the door at "]},{"code":401,"indent":3,"parameters":["the bottom of the stairs."]},{"code":401,"indent":3,"parameters":["Good luck!"]},{"code":121,"indent":3,"parameters":[6,6,1]},{"code":111,"indent":3,"parameters":[1,18,0,1,0]},{"code":122,"indent":4,"parameters":[18,18,0,0,2]},{"code":201,"indent":4,"parameters":[0,2,11,8,0,0]},{"code":0,"indent":4,"parameters":[]},{"code":411,"indent":3,"parameters":[]},{"code":111,"indent":4,"parameters":[1,18,0,2,0]},{"code":122,"indent":5,"parameters":[18,18,0,0,3]},{"code":201,"indent":5,"parameters":[0,3,11,8,0,0]},{"code":0,"indent":5,"parameters":[]},{"code":411,"indent":4,"parameters":[]},{"code":111,"indent":5,"parameters":[1,18,0,3,0]},{"code":122,"indent":6,"parameters":[18,18,0,0,4]},{"code":201,"indent":6,"parameters":[0,4,11,8,0,0]},{"code":0,"indent":6,"parameters":[]},{"code":411,"indent":5,"parameters":[]},{"code":111,"indent":6,"parameters":[1,18,0,4,0]},{"code":122,"indent":7,"parameters":[18,18,0,0,5]},{"code":201,"indent":7,"parameters":[0,9,32,72,0,0]},{"code":0,"indent":7,"parameters":[]},{"code":411,"indent":6,"parameters":[]},{"code":0,"indent":7,"parameters":[]},{"code":412,"indent":6,"parameters":[]},{"code":0,"indent":6,"parameters":[]},{"code":412,"indent":5,"parameters":[]},{"code":0,"indent":5,"parameters":[]},{"code":412,"indent":4,"parameters":[]},{"code":0,"indent":4,"parameters":[]},{"code":412,"indent":3,"parameters":[]},{"code":0,"indent":3,"parameters":[]},{"code":411,"indent":2,"parameters":[]},{"code":101,"indent":3,"parameters":["",0,0,2]},{"code":401,"indent":3,"parameters":["You descend to the bottom of the stairway"]},{"code":401,"indent":3,"parameters":["only to find a locked door. You'll need"]},{"code":401,"indent":3,"parameters":["to find a key if you want to progress."]},{"code":0,"indent":3,"parameters":[]},{"code":412,"indent":2,"parameters":[]},{"code":0,"indent":2,"parameters":[]},{"code":402,"indent":1,"parameters":[1,"No"]},{"code":101,"indent":2,"parameters":["",0,0,2]},{"code":401,"indent":2,"parameters":["Yeah, taking chances never got anyone anywhere."]},{"code":401,"indent":2,"parameters":["I guess you'll just stay on this level and "]},{"code":401,"indent":2,"parameters":["probably die a slow death from dehydration."]},{"code":0,"indent":2,"parameters":[]},{"code":404,"indent":1,"parameters":[]},{"code":0,"indent":1,"parameters":[]},{"code":411,"indent":0,"parameters":[]},{"code":101,"indent":1,"parameters":["",0,0,2]},{"code":401,"indent":1,"parameters":["You find little of else of interest."]},{"code":0,"indent":1,"parameters":[]},{"code":412,"indent":0,"parameters":[]},{"code":0,"indent":0,"parameters":[]}],"name":"DS check","switchId":1,"trigger":0},
{"id":8,"list":[{"code":117,"indent":0,"parameters":[28]},{"code":112,"indent":0,"parameters":[]},{"code":111,"indent":1,"parameters":[0,2,0]},{"code":102,"indent":2,"parameters":[["Fight","Talk","Bribe","Use item","Run"],-1,0,2,0]},{"code":402,"indent":2,"parameters":[0,"Fight"]},{"code":117,"indent":3,"parameters":[9]},{"code":0,"indent":3,"parameters":[]},{"code":402,"indent":2,"parameters":[1,"Talk"]},{"code":117,"indent":3,"parameters":[13]},{"code":0,"indent":3,"parameters":[]},{"code":402,"indent":2,"parameters":[2,"Bribe"]},{"code":117,"indent":3,"parameters":[10]},{"code":0,"indent":3,"parameters":[]},{"code":402,"indent":2,"parameters":[3,"Use item"]},{"code":117,"indent":3,"parameters":[11]},{"code":0,"indent":3,"parameters":[]},{"code":402,"indent":2,"parameters":[4,"Run"]},{"code":117,"indent":3,"parameters":[12]},{"code":0,"indent":3,"parameters":[]},{"code":404,"indent":2,"parameters":[]},{"code":0,"indent":2,"parameters":[]},{"code":411,"indent":1,"parameters":[]},{"code":102,"indent":2,"parameters":[["Search room","Leave room"],-1,0,2,0]},{"code":402,"indent":2,"parameters":[0,"Search room"]},{"code":355,"indent":3,"parameters":["keyCheck()"]},{"code":117,"indent":3,"parameters":[15]},{"code":117,"indent":3,"parameters":[7]},{"code":0,"indent":3,"parameters":[]},{"code":402,"indent":2,"parameters":[1,"Leave room"]},{"code":117,"indent":3,"parameters":[22]},{"code":235,"indent":3,"parameters":[1]},{"code":121,"indent":3,"parameters":[1,1,1]},{"code":121,"indent":3,"parameters":[2,2,1]},{"code":121,"indent":3,"parameters":[3,3,1]},{"code":121,"indent":3,"parameters":[4,4,1]},{"code":121,"indent":3,"parameters":[5,5,1]},{"code":113,"indent":3,"parameters":[]},{"code":0,"indent":3,"parameters":[]},{"code":404,"indent":2,"parameters":[]},{"code":0,"indent":2,"parameters":[]},{"code":412,"indent":1,"parameters":[]},{"code":0,"indent":1,"parameters":[]},{"code":413,"indent":0,"parameters":[]},{"code":0,"indent":0,"parameters":[]}],"name":"WHATDO?","switchId":1,"trigger":0},
{"id":9,"list":[{"code":112,"indent":0,"parameters":[]},{"code":122,"indent":1,"parameters":[7,7,0,2,0,9]},{"code":355,"indent":1,"parameters":["$gameVariables.setValue(8,(($gameVariables.value(21)+$gameVariables.value(22)+$gameVariables.value(7))*2)-$gameVariables.value(14));$gameVariables.setValue(17,($gameVariables.value(17)-$gameVariables.value(8)));if($gameVariables.value(17)<=0)"]},{"code":655,"indent":1,"parameters":["{$gameMessage.add(\"Mon is ded! Congratz!!\");$gameSwitches.setValue(4,true);}"]},{"code":101,"indent":1,"parameters":["",0,0,2]},{"code":401,"indent":1,"parameters":["You did \\V[8] dmg!"]},{"code":401,"indent":1,"parameters":["Debug: Mon has \\V[17] HP left."]},{"code":111,"indent":1,"parameters":[0,4,0]},{"code":122,"indent":2,"parameters":[4,4,0,0,0]},{"code":121,"indent":2,"parameters":[2,2,1]},{"code":101,"indent":2,"parameters":["",0,0,2]},{"code":401,"indent":2,"parameters":["You defeated the enemy!"]},{"code":121,"indent":2,"parameters":[4,4,1]},{"code":113,"indent":2,"parameters":[]},{"code":0,"indent":2,"parameters":[]},{"code":412,"indent":1,"parameters":[]},{"code":122,"indent":1,"parameters":[7,7,0,2,0,9]},{"code":355,"indent":1,"parameters":["$gameVariables.setValue(8,(($gameVariables.value(16)+$gameVariables.value(7))*1.75)-($gameVariables.value(24)+$gameVariables.value(28)));$gameVariables.setValue(23,($gameVariables.value(23)-$gameVariables.value(8)));"]},{"code":101,"indent":1,"parameters":["",0,0,2]},{"code":401,"indent":1,"parameters":["Mon did \\V[8] dmg to you!"]},{"code":401,"indent":1,"parameters":["You have \\V[23] HP."]},{"code":111,"indent":1,"parameters":[1,23,0,0,2]},{"code":101,"indent":2,"parameters":["",0,0,2]},{"code":401,"indent":2,"parameters":["You died! WTF happened out there!?"]},{"code":113,"indent":2,"parameters":[]},{"code":0,"indent":2,"parameters":[]},{"code":412,"indent":1,"parameters":[]},{"code":113,"indent":1,"parameters":[]},{"code":0,"indent":1,"parameters":[]},{"code":413,"indent":0,"parameters":[]},{"code":0,"indent":0,"parameters":[]}],"name":"Attack","switchId":1,"trigger":0},
{"id":10,"list":[{"code":101,"indent":0,"parameters":["",0,0,2]},{"code":401,"indent":0,"parameters":["How much do you wish to offer as a bribe?"]},{"code":103,"indent":0,"parameters":[10,4]},{"code":125,"indent":0,"parameters":[1,1,10]},{"code":122,"indent":0,"parameters":[10,10,4,0,20]},{"code":122,"indent":0,"parameters":[9,9,0,2,0,3]},{"code":122,"indent":0,"parameters":[9,9,1,1,25]},{"code":122,"indent":0,"parameters":[9,9,1,1,10]},{"code":111,"indent":0,"parameters":[1,25,1,29,1]},{"code":122,"indent":1,"parameters":[9,9,0,2,0,3]},{"code":122,"indent":1,"parameters":[9,9,1,1,25]},{"code":111,"indent":1,"parameters":[1,25,1,29,1]},{"code":122,"indent":2,"parameters":[9,9,0,2,0,3]},{"code":122,"indent":2,"parameters":[9,9,1,1,25]},{"code":111,"indent":2,"parameters":[1,25,1,29,1]},{"code":101,"indent":3,"parameters":["",0,0,2]},{"code":401,"indent":3,"parameters":["You bribed 'em!"]},{"code":0,"indent":3,"parameters":[]},{"code":411,"indent":2,"parameters":[]},{"code":101,"indent":3,"parameters":["",0,0,2]},{"code":401,"indent":3,"parameters":["You got close..."]},{"code":0,"indent":3,"parameters":[]},{"code":412,"indent":2,"parameters":[]},{"code":0,"indent":2,"parameters":[]},{"code":411,"indent":1,"parameters":[]},{"code":101,"indent":2,"parameters":["",0,0,2]},{"code":401,"indent":2,"parameters":["Try again..."]},{"code":0,"indent":2,"parameters":[]},{"code":412,"indent":1,"parameters":[]},{"code":0,"indent":1,"parameters":[]},{"code":411,"indent":0,"parameters":[]},{"code":101,"indent":1,"parameters":["",0,0,2]},{"code":401,"indent":1,"parameters":["You really need to work on your game son."]},{"code":0,"indent":1,"parameters":[]},{"code":412,"indent":0,"parameters":[]},{"code":0,"indent":0,"parameters":[]}],"name":"Bribe","switchId":1,"trigger":0},
{"id":11,"list":[{"code":111,"indent":0,"parameters":[8,1]},{"code":111,"indent":1,"parameters":[8,2]},{"code":102,"indent":2,"parameters":[["Use Potion","Use Unholy Hand Grenade","Go Back"],2,0,2,0]},{"code":402,"indent":2,"parameters":[0,"Use Potion"]},{"code":117,"indent":3,"parameters":[29]},{"code":0,"indent":3,"parameters":[]},{"code":402,"indent":2,"parameters":[1,"Use Unholy Hand Grenade"]},{"code":117,"indent":3,"parameters":[30]},{"code":0,"indent":3,"parameters":[]},{"code":402,"indent":2,"parameters":[2,"Go Back"]},{"code":0,"indent":3,"parameters":[]},{"code":404,"indent":2,"parameters":[]},{"code":0,"indent":2,"parameters":[]},{"code":411,"indent":1,"parameters":[]},{"code":102,"indent":2,"parameters":[["Use Potion","Go Back"],1,0,2,0]},{"code":402,"indent":2,"parameters":[0,"Use Potion"]},{"code":117,"indent":3,"parameters":[29]},{"code":0,"indent":3,"parameters":[]},{"code":402,"indent":2,"parameters":[1,"Go Back"]},{"code":117,"indent":3,"parameters":[30]},{"code":0,"indent":3,"parameters":[]},{"code":404,"indent":2,"parameters":[]},{"code":0,"indent":2,"parameters":[]},{"code":412,"indent":1,"parameters":[]},{"code":0,"indent":1,"parameters":[]},{"code":411,"indent":0,"parameters":[]},{"code":111,"indent":1,"parameters":[8,2]},{"code":102,"indent":2,"parameters":[["Use Unholy Hand Grenade","Go Back"],1,0,2,0]},{"code":402,"indent":2,"parameters":[0,"Use Unholy Hand Grenade"]},{"code":117,"indent":3,"parameters":[29]},{"code":0,"indent":3,"parameters":[]},{"code":402,"indent":2,"parameters":[1,"Go Back"]},{"code":117,"indent":3,"parameters":[30]},{"code":0,"indent":3,"parameters":[]},{"code":404,"indent":2,"parameters":[]},{"code":0,"indent":2,"parameters":[]},{"code":411,"indent":1,"parameters":[]},{"code":101,"indent":2,"parameters":["",0,0,2]},{"code":401,"indent":2,"parameters":["You are out of items to use."]},{"code":0,"indent":2,"parameters":[]},{"code":412,"indent":1,"parameters":[]},{"code":0,"indent":1,"parameters":[]},{"code":412,"indent":0,"parameters":[]},{"code":0,"indent":0,"parameters":[]}],"name":"Use Item","switchId":1,"trigger":0},
{"id":12,"list":[{"code":122,"indent":0,"parameters":[19,19,0,2,0,3]},{"code":111,"indent":0,"parameters":[1,19,0,0,5]},{"code":101,"indent":1,"parameters":["",0,0,2]},{"code":401,"indent":1,"parameters":["You ran away!"]},{"code":121,"indent":1,"parameters":[2,2,1]},{"code":232,"indent":1,"parameters":[1,0,0,0,0,0,100,100,200,1,1,false]},{"code":113,"indent":1,"parameters":[]},{"code":0,"indent":1,"parameters":[]},{"code":411,"indent":0,"parameters":[]},{"code":101,"indent":1,"parameters":["",0,0,2]},{"code":401,"indent":1,"parameters":["You were unable to get away!"]},{"code":0,"indent":1,"parameters":[]},{"code":412,"indent":0,"parameters":[]},{"code":0,"indent":0,"parameters":[]}],"name":"Run","switchId":1,"trigger":0},
{"id":13,"list":[{"code":111,"indent":0,"parameters":[1,4,0,1,0]},{"code":117,"indent":1,"parameters":[60]},{"code":0,"indent":1,"parameters":[]},{"code":411,"indent":0,"parameters":[]},{"code":111,"indent":1,"parameters":[1,4,0,2,0]},{"code":117,"indent":2,"parameters":[61]},{"code":0,"indent":2,"parameters":[]},{"code":411,"indent":1,"parameters":[]},{"code":111,"indent":2,"parameters":[1,4,0,3,0]},{"code":117,"indent":3,"parameters":[62]},{"code":0,"indent":3,"parameters":[]},{"code":411,"indent":2,"parameters":[]},{"code":111,"indent":3,"parameters":[1,4,0,4,0]},{"code":117,"indent":4,"parameters":[63]},{"code":0,"indent":4,"parameters":[]},{"code":411,"indent":3,"parameters":[]},{"code":111,"indent":4,"parameters":[1,4,0,5,0]},{"code":117,"indent":5,"parameters":[64]},{"code":0,"indent":5,"parameters":[]},{"code":411,"indent":4,"parameters":[]},{"code":111,"indent":5,"parameters":[1,4,0,6,0]},{"code":117,"indent":6,"parameters":[65]},{"code":0,"indent":6,"parameters":[]},{"code":411,"indent":5,"parameters":[]},{"code":111,"indent":6,"parameters":[1,4,0,7,0]},{"code":117,"indent":7,"parameters":[67]},{"code":0,"indent":7,"parameters":[]},{"code":411,"indent":6,"parameters":[]},{"code":111,"indent":7,"parameters":[1,4,0,8,0]},{"code":117,"indent":8,"parameters":[68]},{"code":0,"indent":8,"parameters":[]},{"code":411,"indent":7,"parameters":[]},{"code":111,"indent":8,"parameters":[1,4,0,9,0]},{"code":117,"indent":9,"parameters":[66]},{"code":0,"indent":9,"parameters":[]},{"code":411,"indent":8,"parameters":[]},{"code":111,"indent":9,"parameters":[1,4,0,10,0]},{"code":117,"indent":10,"parameters":[72]},{"code":0,"indent":10,"parameters":[]},{"code":411,"indent":9,"parameters":[]},{"code":111,"indent":10,"parameters":[1,4,0,11,0]},{"code":117,"indent":11,"parameters":[69]},{"code":0,"indent":11,"parameters":[]},{"code":411,"indent":10,"parameters":[]},{"code":111,"indent":11,"parameters":[1,4,0,12,0]},{"code":117,"indent":12,"parameters":[71]},{"code":0,"indent":12,"parameters":[]},{"code":411,"indent":11,"parameters":[]},{"code":111,"indent":12,"parameters":[1,4,0,13,0]},{"code":117,"indent":13,"parameters":[70]},{"code":0,"indent":13,"parameters":[]},{"code":411,"indent":12,"parameters":[]},{"code":0,"indent":13,"parameters":[]},{"code":412,"indent":12,"parameters":[]},{"code":0,"indent":12,"parameters":[]},{"code":412,"indent":11,"parameters":[]},{"code":0,"indent":11,"parameters":[]},{"code":412,"indent":10,"parameters":[]},{"code":0,"indent":10,"parameters":[]},{"code":412,"indent":9,"parameters":[]},{"code":0,"indent":9,"parameters":[]},{"code":412,"indent":8,"parameters":[]},{"code":0,"indent":8,"parameters":[]},{"code":412,"indent":7,"parameters":[]},{"code":0,"indent":7,"parameters":[]},{"code":412,"indent":6,"parameters":[]},{"code":0,"indent":6,"parameters":[]},{"code":412,"indent":5,"parameters":[]},{"code":0,"indent":5,"parameters":[]},{"code":412,"indent":4,"parameters":[]},{"code":0,"indent":4,"parameters":[]},{"code":412,"indent":3,"parameters":[]},{"code":0,"indent":3,"parameters":[]},{"code":412,"indent":2,"parameters":[]},{"code":0,"indent":2,"parameters":[]},{"code":412,"indent":1,"parameters":[]},{"code":0,"indent":1,"parameters":[]},{"code":412,"indent":0,"parameters":[]},{"code":0,"indent":0,"parameters":[]}],"name":"Talk","switchId":1,"trigger":0},
{"id":14,"list":[{"code":355,"indent":0,"parameters":["if($gameVariables.value(6)==0)"]},{"code":655,"indent":0,"parameters":["{$gameVariables.setValue(4,10);$gameTemp.reserveCommonEvent(52);}"]},{"code":655,"indent":0,"parameters":["else if($gameVariables.value(6)==1000)"]},{"code":655,"indent":0,"parameters":["{$gameVariables.setValue(4,12);$gameTemp.reserveCommonEvent(51);}"]},{"code":655,"indent":0,"parameters":["else if($gameVariables.value(6)<100)"]},{"code":655,"indent":0,"parameters":["{$gameVariables.setValue(4,9);$gameTemp.reserveCommonEvent(46);}"]},{"code":655,"indent":0,"parameters":["else if($gameVariables.value(6)<200)"]},{"code":655,"indent":0,"parameters":["{$gameVariables.setValue(4,8);$gameTemp.reserveCommonEvent(48);}"]},{"code":655,"indent":0,"parameters":["else if($gameVariables.value(6)<300)"]},{"code":655,"indent":0,"parameters":["{$gameVariables.setValue(4,7);$gameTemp.reserveCommonEvent(47);}"]},{"code":655,"indent":0,"parameters":["else if($gameVariables.value(6)<400)"]},{"code":655,"indent":0,"parameters":["{$gameVariables.setValue(4,6);$gameTemp.reserveCommonEvent(45);}"]},{"code":355,"indent":0,"parameters":["if($gameVariables.value(6)<600)"]},{"code":655,"indent":0,"parameters":["{$gameVariables.setValue(4,5);$gameTemp.reserveCommonEvent(44);}"]},{"code":655,"indent":0,"parameters":["else if($gameVariables.value(6)<1000)"]},{"code":655,"indent":0,"parameters":["{$gameVariables.setValue(4,4);$gameTemp.reserveCommonEvent(43);}"]},{"code":655,"indent":0,"parameters":["else if($gameVariables.value(6)<2000)"]},{"code":655,"indent":0,"parameters":["{$gameVariables.setValue(4,3);$gameTemp.reserveCommonEvent(42);}"]},{"code":655,"indent":0,"parameters":["else if($gameVariables.value(6)<3000)"]},{"code":655,"indent":0,"parameters":["{$gameVariables.setValue(4,2);$gameTemp.reserveCommonEvent(41);}"]},{"code":655,"indent":0,"parameters":["else if($gameVariables.value(6)<4000)"]},{"code":655,"indent":0,"parameters":["{$gameVariables.setValue(4,1);$gameTemp.reserveCommonEvent(40);}"]},{"code":655,"indent":0,"parameters":["else"]},{"code":655,"indent":0,"parameters":["{$gameVariables.setValue(4,0);}"]},{"code":0,"indent":0,"parameters":[]}],"name":"b1 mons roll","switchId":1,"trigger":0},
{"id":15,"list":[{"code":111,"indent":0,"parameters":[0,3,0]},{"code":355,"indent":1,"parameters":["lootFinder($gameVariables.value(5));"]},{"code":0,"indent":1,"parameters":[]},{"code":411,"indent":0,"parameters":[]},{"code":101,"indent":1,"parameters":["",0,0,2]},{"code":401,"indent":1,"parameters":["There's nothing to loot here."]},{"code":0,"indent":1,"parameters":[]},{"code":412,"indent":0,"parameters":[]},{"code":0,"indent":0,"parameters":[]}],"name":"loot search","switchId":1,"trigger":0},
{"id":16,"list":[{"code":111,"indent":0,"parameters":[1,18,0,1,0]},{"code":355,"indent":1,"parameters":["b1();"]},{"code":0,"indent":1,"parameters":[]},{"code":411,"indent":0,"parameters":[]},{"code":111,"indent":1,"parameters":[1,18,0,2,0]},{"code":355,"indent":2,"parameters":["b2();"]},{"code":0,"indent":2,"parameters":[]},{"code":411,"indent":1,"parameters":[]},{"code":111,"indent":2,"parameters":[1,18,0,3,0]},{"code":355,"indent":3,"parameters":["b3();"]},{"code":0,"indent":3,"parameters":[]},{"code":411,"indent":2,"parameters":[]},{"code":111,"indent":3,"parameters":[1,18,0,4,0]},{"code":355,"indent":4,"parameters":["b4();"]},{"code":0,"indent":4,"parameters":[]},{"code":411,"indent":3,"parameters":[]},{"code":0,"indent":4,"parameters":[]},{"code":412,"indent":3,"parameters":[]},{"code":0,"indent":3,"parameters":[]},{"code":412,"indent":2,"parameters":[]},{"code":0,"indent":2,"parameters":[]},{"code":412,"indent":1,"parameters":[]},{"code":0,"indent":1,"parameters":[]},{"code":412,"indent":0,"parameters":[]},{"code":0,"indent":0,"parameters":[]}],"name":"which mon / floor","switchId":1,"trigger":0},
{"id":17,"list":[{"code":0,"indent":0,"parameters":[]}],"name":"b2 loot","switchId":1,"trigger":0},
{"id":18,"list":[{"code":355,"indent":0,"parameters":["b3();"]},{"code":0,"indent":0,"parameters":[]}],"name":"b3 mons","switchId":1,"trigger":0},
{"id":19,"list":[{"code":0,"indent":0,"parameters":[]}],"name":"b3 loot","switchId":1,"trigger":0},
{"id":20,"list":[{"code":355,"indent":0,"parameters":["b4();"]},{"code":0,"indent":0,"parameters":[]}],"name":"b4 mons","switchId":1,"trigger":0},
{"id":21,"list":[{"code":0,"indent":0,"parameters":[]}],"name":"b4 loot","switchId":1,"trigger":0},
{"id":22,"list":[{"code":122,"indent":0,"parameters":[1,1,0,3,5,-1,0]},{"code":122,"indent":0,"parameters":[2,2,0,3,5,-1,1]},{"code":355,"indent":0,"parameters":["saveWhereNow ();"]},{"code":0,"indent":0,"parameters":[]}],"name":"room save","switchId":1,"trigger":0},
{"id":23,"list":[{"code":117,"indent":0,"parameters":[2]},{"code":117,"indent":0,"parameters":[3]},{"code":117,"indent":0,"parameters":[4]},{"code":117,"indent":0,"parameters":[5]},{"code":117,"indent":0,"parameters":[6]},{"code":0,"indent":0,"parameters":[]}],"name":"step tile","switchId":1,"trigger":0},
{"id":24,"list":[{"code":112,"indent":0,"parameters":[]},{"code":122,"indent":1,"parameters":[7,7,0,2,0,9]},{"code":355,"indent":1,"parameters":["//player attack formula & mon hp calculation"]},{"code":655,"indent":1,"parameters":["$gameVariables.setValue(15,(($gameVariables.value(11)+$gameVariables.value(27)+$gameVariables.value(12)+$gameVariables.value(13))*2)-$gameVariables.value(14));$gameVariables.setValue(17,($gameVariables.value(17)-$gameVariables.value(15)));if($gameVariables.value(17)<=0)"]},{"code":655,"indent":1,"parameters":["{$gameMessage.add(\"Mon is ded! Congratz!!\");$gameSwitches.setValue(4,false);}"]},{"code":101,"indent":1,"parameters":["",0,0,2]},{"code":401,"indent":1,"parameters":["You did \\V[15] dmg!"]},{"code":401,"indent":1,"parameters":["Debug: Mon has \\V[17] HP left."]},{"code":111,"indent":1,"parameters":[0,4,1]},{"code":101,"indent":2,"parameters":["",0,0,2]},{"code":401,"indent":2,"parameters":["You defeated the enemy!"]},{"code":122,"indent":2,"parameters":[27,27,0,0,0]},{"code":113,"indent":2,"parameters":[]},{"code":0,"indent":2,"parameters":[]},{"code":412,"indent":1,"parameters":[]},{"code":122,"indent":1,"parameters":[18,18,0,2,0,9]},{"code":355,"indent":1,"parameters":["//Monster attack & player HP calc"]},{"code":655,"indent":1,"parameters":["$gameVariables.setValue(15,(($gameVariables.value(16)+$gameVariables.value(18))*2)-$gameVariables.value(10));$gameVariables.setValue(19,($gameVariables.value(19)-$gameVariables.value(15)));"]},{"code":101,"indent":1,"parameters":["",0,0,2]},{"code":401,"indent":1,"parameters":["Mon did \\V[15] dmg to you!"]},{"code":401,"indent":1,"parameters":["You have \\V[19] HP."]},{"code":111,"indent":1,"parameters":[1,19,0,0,2]},{"code":101,"indent":2,"parameters":["",0,0,2]},{"code":401,"indent":2,"parameters":["You died! WTF happened out there!?"]},{"code":122,"indent":2,"parameters":[27,27,0,0,0]},{"code":113,"indent":2,"parameters":[]},{"code":0,"indent":2,"parameters":[]},{"code":412,"indent":1,"parameters":[]},{"code":113,"indent":1,"parameters":[]},{"code":0,"indent":1,"parameters":[]},{"code":413,"indent":0,"parameters":[]},{"code":117,"indent":0,"parameters":[1]},{"code":0,"indent":0,"parameters":[]}],"name":"lEGACY ATK.FORMULA","switchId":1,"trigger":0},
{"id":25,"list":[{"code":111,"indent":0,"parameters":[1,4,0,0,0]},{"code":0,"indent":1,"parameters":[]},{"code":411,"indent":0,"parameters":[]},{"code":111,"indent":1,"parameters":[1,4,0,7,2]},{"code":111,"indent":2,"parameters":[1,4,0,1,0]},{"code":231,"indent":3,"parameters":[1,"rat_border",0,0,0,0,100,100,255,0]},{"code":0,"indent":3,"parameters":[]},{"code":411,"indent":2,"parameters":[]},{"code":111,"indent":3,"parameters":[1,4,0,2,0]},{"code":231,"indent":4,"parameters":[1,"dargon_border",0,0,0,0,100,100,255,0]},{"code":0,"indent":4,"parameters":[]},{"code":411,"indent":3,"parameters":[]},{"code":111,"indent":4,"parameters":[1,4,0,3,0]},{"code":231,"indent":5,"parameters":[1,"GKC_border",0,0,0,0,100,100,255,0]},{"code":0,"indent":5,"parameters":[]},{"code":411,"indent":4,"parameters":[]},{"code":111,"indent":5,"parameters":[1,4,0,4,0]},{"code":231,"indent":6,"parameters":[1,"evil_kiki_border",0,0,0,0,100,100,255,0]},{"code":0,"indent":6,"parameters":[]},{"code":411,"indent":5,"parameters":[]},{"code":111,"indent":6,"parameters":[1,4,0,5,0]},{"code":231,"indent":7,"parameters":[1,"ashura_border",0,0,0,0,100,100,255,0]},{"code":0,"indent":7,"parameters":[]},{"code":411,"indent":6,"parameters":[]},{"code":111,"indent":7,"parameters":[1,4,0,6,0]},{"code":231,"indent":8,"parameters":[1,"hammond_border",0,0,0,0,100,100,255,0]},{"code":0,"indent":8,"parameters":[]},{"code":411,"indent":7,"parameters":[]},{"code":111,"indent":8,"parameters":[1,4,0,7,0]},{"code":231,"indent":9,"parameters":[1,"Jeff template",0,0,0,0,100,100,255,0]},{"code":0,"indent":9,"parameters":[]},{"code":411,"indent":8,"parameters":[]},{"code":0,"indent":9,"parameters":[]},{"code":412,"indent":8,"parameters":[]},{"code":0,"indent":8,"parameters":[]},{"code":412,"indent":7,"parameters":[]},{"code":0,"indent":7,"parameters":[]},{"code":412,"indent":6,"parameters":[]},{"code":0,"indent":6,"parameters":[]},{"code":412,"indent":5,"parameters":[]},{"code":0,"indent":5,"parameters":[]},{"code":412,"indent":4,"parameters":[]},{"code":0,"indent":4,"parameters":[]},{"code":412,"indent":3,"parameters":[]},{"code":0,"indent":3,"parameters":[]},{"code":412,"indent":2,"parameters":[]},{"code":0,"indent":2,"parameters":[]},{"code":411,"indent":1,"parameters":[]},{"code":111,"indent":2,"parameters":[1,4,0,8,0]},{"code":231,"indent":3,"parameters":[1,"Ticks-32806",0,0,0,0,100,100,255,0]},{"code":0,"indent":3,"parameters":[]},{"code":411,"indent":2,"parameters":[]},{"code":111,"indent":3,"parameters":[1,4,0,9,0]},{"code":231,"indent":4,"parameters":[1,"creep_border",0,0,0,0,100,100,255,0]},{"code":0,"indent":4,"parameters":[]},{"code":411,"indent":3,"parameters":[]},{"code":111,"indent":4,"parameters":[1,4,0,10,0]},{"code":231,"indent":5,"parameters":[1,"xilef_border",0,0,0,0,100,100,255,0]},{"code":0,"indent":5,"parameters":[]},{"code":411,"indent":4,"parameters":[]},{"code":111,"indent":5,"parameters":[1,4,0,11,0]},{"code":231,"indent":6,"parameters":[1,"mfq_border",0,0,0,0,100,100,255,0]},{"code":0,"indent":6,"parameters":[]},{"code":411,"indent":5,"parameters":[]},{"code":111,"indent":6,"parameters":[1,4,0,12,0]},{"code":231,"indent":7,"parameters":[1,"capdoc_border",0,0,0,0,100,100,255,0]},{"code":0,"indent":7,"parameters":[]},{"code":411,"indent":6,"parameters":[]},{"code":111,"indent":7,"parameters":[1,4,0,13,0]},{"code":231,"indent":8,"parameters":[1,"whiteye_border",0,0,0,0,100,100,255,0]},{"code":0,"indent":8,"parameters":[]},{"code":411,"indent":7,"parameters":[]},{"code":0,"indent":8,"parameters":[]},{"code":412,"indent":7,"parameters":[]},{"code":0,"indent":7,"parameters":[]},{"code":412,"indent":6,"parameters":[]},{"code":0,"indent":6,"parameters":[]},{"code":412,"indent":5,"parameters":[]},{"code":0,"indent":5,"parameters":[]},{"code":412,"indent":4,"parameters":[]},{"code":0,"indent":4,"parameters":[]},{"code":412,"indent":3,"parameters":[]},{"code":0,"indent":3,"parameters":[]},{"code":412,"indent":2,"parameters":[]},{"code":0,"indent":2,"parameters":[]},{"code":412,"indent":1,"parameters":[]},{"code":0,"indent":1,"parameters":[]},{"code":412,"indent":0,"parameters":[]},{"code":0,"indent":0,"parameters":[]}],"name":"LOAD battle IMGS","switchId":1,"trigger":0},
{"id":26,"list":[{"code":355,"indent":0,"parameters":["loadWhatNow ();"]},{"code":122,"indent":0,"parameters":[132,132,0,0,0]},{"code":0,"indent":0,"parameters":[]}],"name":"LOAD room script","switchId":1,"trigger":0},
{"id":27,"list":[{"code":355,"indent":0,"parameters":["if($gameVariables.value(6)==0)"]},{"code":655,"indent":0,"parameters":["{$gameVariables.setValue(26,2);$gameVariables.setValue(27,31);$gameVariables.setValue(28,2);}"]},{"code":655,"indent":0,"parameters":["else if($gameVariables.value(6)==1000)"]},{"code":655,"indent":0,"parameters":["{$gameVariables.setValue(26,2);$gameVariables.setValue(27,31);$gameVariables.setValue(28,2);}"]},{"code":655,"indent":0,"parameters":["else if($gameVariables.value(6)<100)"]},{"code":655,"indent":0,"parameters":["{$gameVariables.setValue(26,2);$gameVariables.setValue(27,31);$gameVariables.setValue(28,2);}"]},{"code":655,"indent":0,"parameters":["else if($gameVariables.value(6)<200)"]},{"code":655,"indent":0,"parameters":["{$gameVariables.setValue(26,2);$gameVariables.setValue(27,31);$gameVariables.setValue(28,2);}"]},{"code":655,"indent":0,"parameters":["else if($gameVariables.value(6)<300)"]},{"code":655,"indent":0,"parameters":["{$gameVariables.setValue(26,2);$gameVariables.setValue(27,31);$gameVariables.setValue(28,2);}"]},{"code":655,"indent":0,"parameters":["else if($gameVariables.value(6)<400)"]},{"code":655,"indent":0,"parameters":["{$gameVariables.setValue(26,2);$gameVariables.setValue(27,31);$gameVariables.setValue(28,2);}"]},{"code":355,"indent":0,"parameters":["if($gameVariables.value(6)<600)"]},{"code":655,"indent":0,"parameters":["{$gameVariables.setValue(26,2);$gameVariables.setValue(27,31);$gameVariables.setValue(28,2);}"]},{"code":655,"indent":0,"parameters":["else if($gameVariables.value(6)<1000)"]},{"code":655,"indent":0,"parameters":["{$gameVariables.setValue(26,2);$gameVariables.setValue(27,31);$gameVariables.setValue(28,2);}"]},{"code":655,"indent":0,"parameters":["else if($gameVariables.value(6)<2000)"]},{"code":655,"indent":0,"parameters":["{$gameVariables.setValue(26,2);$gameVariables.setValue(27,31);$gameVariables.setValue(28,2);}"]},{"code":655,"indent":0,"parameters":["else if($gameVariables.value(6)<3000)"]},{"code":655,"indent":0,"parameters":["{$gameVariables.setValue(26,2);$gameVariables.setValue(27,31);$gameVariables.setValue(28,2);}"]},{"code":655,"indent":0,"parameters":["else if($gameVariables.value(6)<4000)"]},{"code":655,"indent":0,"parameters":["{$gameVariables.setValue(26,2);$gameVariables.setValue(27,31);$gameVariables.setValue(28,2);}"]},{"code":655,"indent":0,"parameters":["else"]},{"code":655,"indent":0,"parameters":["{$gameVariables.setValue(4,0);}"]},{"code":0,"indent":0,"parameters":[]}],"name":"load mon stats","switchId":1,"trigger":0},
{"id":28,"list":[{"code":117,"indent":0,"parameters":[1]},{"code":355,"indent":0,"parameters":["dsCheck();"]},{"code":655,"indent":0,"parameters":["keyCheck();"]},{"code":0,"indent":0,"parameters":[]}],"name":"key & ds check","switchId":1,"trigger":0},
{"id":29,"list":[{"code":122,"indent":0,"parameters":[23,23,1,2,55,100]},{"code":126,"indent":0,"parameters":[1,1,0,1]},{"code":111,"indent":0,"parameters":[1,23,1,26,3]},{"code":122,"indent":1,"parameters":[23,23,0,1,26]},{"code":0,"indent":1,"parameters":[]},{"code":412,"indent":0,"parameters":[]},{"code":0,"indent":0,"parameters":[]}],"name":"healing potion","switchId":1,"trigger":0},
{"id":30,"list":[{"code":122,"indent":0,"parameters":[17,17,2,2,55,100]},{"code":126,"indent":0,"parameters":[2,1,0,1]},{"code":111,"indent":0,"parameters":[1,17,0,0,2]},{"code":101,"indent":1,"parameters":["",0,0,2]},{"code":401,"indent":1,"parameters":["You killed the monster!"]},{"code":121,"indent":1,"parameters":[2,2,1]},{"code":113,"indent":1,"parameters":[]},{"code":0,"indent":1,"parameters":[]},{"code":412,"indent":0,"parameters":[]},{"code":0,"indent":0,"parameters":[]}],"name":"unholy hand grenade","switchId":1,"trigger":0},
{"id":31,"list":[{"code":101,"indent":0,"parameters":["",0,0,2]},{"code":401,"indent":0,"parameters":["In Quazar's Cavern you take on the roll of a hue-man"]},{"code":401,"indent":0,"parameters":["stranded on a chunk of rock orbiting Jupiter."]},{"code":401,"indent":0,"parameters":["You only have enough oxygen to energy to survive"]},{"code":401,"indent":0,"parameters":["in this inhospitable place for a few hours."]},{"code":101,"indent":0,"parameters":["",0,0,2]},{"code":401,"indent":0,"parameters":["The only way you're going to live to see another"]},{"code":401,"indent":0,"parameters":["Earthly sunrise is if you can find some ship"]},{"code":401,"indent":0,"parameters":["fuel."]},{"code":401,"indent":0,"parameters":["Good luck!"]},{"code":101,"indent":0,"parameters":["",0,0,2]},{"code":401,"indent":0,"parameters":["Continue reading?"]},{"code":102,"indent":0,"parameters":[["Yes","No"],1,0,2,0]},{"code":402,"indent":0,"parameters":[0,"Yes"]},{"code":101,"indent":1,"parameters":["",0,0,2]},{"code":401,"indent":1,"parameters":["How to Succeed:"]},{"code":401,"indent":1,"parameters":["1.Grab weapons and armor from the guy I hired on b1."]},{"code":401,"indent":1,"parameters":["2.Look for a key"]},{"code":401,"indent":1,"parameters":["3.Find a way down. Use key to progress deeper."]},{"code":101,"indent":1,"parameters":["",0,0,2]},{"code":401,"indent":1,"parameters":["4.Don't die"]},{"code":401,"indent":1,"parameters":["5.Collect loot"]},{"code":401,"indent":1,"parameters":["6.You don't always have to fight"]},{"code":401,"indent":1,"parameters":["7.Talking with monster might grant bonuses"]},{"code":101,"indent":1,"parameters":["",0,0,2]},{"code":401,"indent":1,"parameters":["8.When you have the key you must find a way down"]},{"code":401,"indent":1,"parameters":["9.Make sure you search a room to use the key to descend"]},{"code":0,"indent":1,"parameters":[]},{"code":402,"indent":0,"parameters":[1,"No"]},{"code":0,"indent":1,"parameters":[]},{"code":404,"indent":0,"parameters":[]},{"code":0,"indent":0,"parameters":[]}],"name":"QC game instuctions","switchId":1,"trigger":0},
{"id":32,"list":[{"code":0,"indent":0,"parameters":[]}],"name":"","switchId":1,"trigger":0},
{"id":33,"list":[{"code":0,"indent":0,"parameters":[]}],"name":"","switchId":1,"trigger":0},
{"id":34,"list":[{"code":0,"indent":0,"parameters":[]}],"name":"","switchId":1,"trigger":0},
{"id":35,"list":[{"code":117,"indent":0,"parameters":[28]},{"code":112,"indent":0,"parameters":[]},{"code":111,"indent":1,"parameters":[0,2,0]},{"code":102,"indent":2,"parameters":[["Fight","Talk","Bribe","Use item","Run"],-1,0,2,0]},{"code":402,"indent":2,"parameters":[0,"Fight"]},{"code":117,"indent":3,"parameters":[9]},{"code":111,"indent":3,"parameters":[0,4,0]},{"code":121,"indent":4,"parameters":[2,2,1]},{"code":235,"indent":4,"parameters":[1]},{"code":0,"indent":4,"parameters":[]},{"code":412,"indent":3,"parameters":[]},{"code":0,"indent":3,"parameters":[]},{"code":402,"indent":2,"parameters":[1,"Talk"]},{"code":117,"indent":3,"parameters":[13]},{"code":0,"indent":3,"parameters":[]},{"code":402,"indent":2,"parameters":[2,"Bribe"]},{"code":117,"indent":3,"parameters":[10]},{"code":0,"indent":3,"parameters":[]},{"code":402,"indent":2,"parameters":[3,"Use item"]},{"code":117,"indent":3,"parameters":[11]},{"code":0,"indent":3,"parameters":[]},{"code":402,"indent":2,"parameters":[4,"Run"]},{"code":121,"indent":3,"parameters":[2,2,1]},{"code":235,"indent":3,"parameters":[1]},{"code":0,"indent":3,"parameters":[]},{"code":404,"indent":2,"parameters":[]},{"code":0,"indent":2,"parameters":[]},{"code":411,"indent":1,"parameters":[]},{"code":102,"indent":2,"parameters":[["Search room","Leave room"],-1,0,2,0]},{"code":402,"indent":2,"parameters":[0,"Search room"]},{"code":355,"indent":3,"parameters":["keyCheck()"]},{"code":117,"indent":3,"parameters":[15]},{"code":117,"indent":3,"parameters":[7]},{"code":0,"indent":3,"parameters":[]},{"code":402,"indent":2,"parameters":[1,"Leave room"]},{"code":117,"indent":3,"parameters":[1]},{"code":117,"indent":3,"parameters":[22]},{"code":235,"indent":3,"parameters":[1]},{"code":121,"indent":3,"parameters":[1,1,1]},{"code":121,"indent":3,"parameters":[2,2,1]},{"code":121,"indent":3,"parameters":[3,3,1]},{"code":121,"indent":3,"parameters":[4,4,1]},{"code":121,"indent":3,"parameters":[5,5,1]},{"code":113,"indent":3,"parameters":[]},{"code":0,"indent":3,"parameters":[]},{"code":404,"indent":2,"parameters":[]},{"code":0,"indent":2,"parameters":[]},{"code":412,"indent":1,"parameters":[]},{"code":0,"indent":1,"parameters":[]},{"code":413,"indent":0,"parameters":[]},{"code":0,"indent":0,"parameters":[]}],"name":"WHAT DO?_backup","switchId":1,"trigger":0},
{"id":36,"list":[{"code":0,"indent":0,"parameters":[]}],"name":"","switchId":1,"trigger":0},
{"id":37,"list":[{"code":0,"indent":0,"parameters":[]}],"name":"","switchId":1,"trigger":0},
{"id":38,"list":[{"code":0,"indent":0,"parameters":[]}],"name":"","switchId":1,"trigger":0},
{"id":39,"list":[{"code":0,"indent":0,"parameters":[]}],"name":"","switchId":1,"trigger":0},
{"id":40,"list":[{"code":122,"indent":0,"parameters":[17,17,0,0,31]},{"code":122,"indent":0,"parameters":[16,16,0,0,2]},{"code":122,"indent":0,"parameters":[14,14,0,0,2]},{"code":122,"indent":0,"parameters":[15,15,0,0,2]},{"code":231,"indent":0,"parameters":[1,"shitRat",0,1,11,12,100,100,255,0]},{"code":0,"indent":0,"parameters":[]}],"name":"rat STATS","switchId":1,"trigger":0},
{"id":41,"list":[{"code":122,"indent":0,"parameters":[17,17,0,0,39]},{"code":122,"indent":0,"parameters":[16,16,0,0,4]},{"code":122,"indent":0,"parameters":[14,14,0,0,2]},{"code":122,"indent":0,"parameters":[15,15,0,0,3]},{"code":231,"indent":0,"parameters":[1,"Dargons",0,1,11,12,100,100,255,0]},{"code":0,"indent":0,"parameters":[]}],"name":"snek STATS","switchId":1,"trigger":0},
{"id":42,"list":[{"code":122,"indent":0,"parameters":[17,17,0,0,44]},{"code":122,"indent":0,"parameters":[16,16,0,0,2]},{"code":122,"indent":0,"parameters":[14,14,0,0,2]},{"code":122,"indent":0,"parameters":[15,15,0,0,2]},{"code":231,"indent":0,"parameters":[1,"dungomang",0,1,11,12,100,100,255,0]},{"code":0,"indent":0,"parameters":[]}],"name":"gck STATS","switchId":1,"trigger":0},
{"id":43,"list":[{"code":122,"indent":0,"parameters":[17,17,0,0,44]},{"code":122,"indent":0,"parameters":[16,16,0,0,5]},{"code":122,"indent":0,"parameters":[14,14,0,0,2]},{"code":122,"indent":0,"parameters":[15,15,0,0,5]},{"code":231,"indent":0,"parameters":[1,"ol whitey",0,1,11,12,100,100,255,0]},{"code":0,"indent":0,"parameters":[]}],"name":"gobchef STATS","switchId":1,"trigger":0},
{"id":44,"list":[{"code":122,"indent":0,"parameters":[17,17,0,0,100]},{"code":122,"indent":0,"parameters":[16,16,0,0,11]},{"code":122,"indent":0,"parameters":[14,14,0,0,6]},{"code":122,"indent":0,"parameters":[15,15,0,0,9]},{"code":231,"indent":0,"parameters":[1,"ashura",0,1,11,12,100,100,255,0]},{"code":0,"indent":0,"parameters":[]}],"name":"ashura STATS","switchId":1,"trigger":0},
{"id":45,"list":[{"code":122,"indent":0,"parameters":[17,17,0,0,58]},{"code":122,"indent":0,"parameters":[16,16,0,0,5]},{"code":122,"indent":0,"parameters":[14,14,0,0,7]},{"code":122,"indent":0,"parameters":[15,15,0,0,6]},{"code":231,"indent":0,"parameters":[1,"hammond",0,1,11,12,100,100,255,0]},{"code":0,"indent":0,"parameters":[]}],"name":"Hammmond STATS","switchId":1,"trigger":0},
{"id":46,"list":[{"code":122,"indent":0,"parameters":[17,17,0,0,77]},{"code":122,"indent":0,"parameters":[16,16,0,0,4]},{"code":122,"indent":0,"parameters":[14,14,0,0,6]},{"code":122,"indent":0,"parameters":[15,15,0,0,3]},{"code":231,"indent":0,"parameters":[1,"creeper",0,1,11,12,100,100,255,0]},{"code":0,"indent":0,"parameters":[]}],"name":"fungi STATS","switchId":1,"trigger":0},
{"id":47,"list":[{"code":122,"indent":0,"parameters":[17,17,0,0,45]},{"code":122,"indent":0,"parameters":[16,16,0,0,9]},{"code":122,"indent":0,"parameters":[14,14,0,0,4]},{"code":122,"indent":0,"parameters":[15,15,0,0,4]},{"code":231,"indent":0,"parameters":[1,"dungomang",0,1,11,12,100,100,255,0]},{"code":0,"indent":0,"parameters":[]}],"name":"meatless STATS","switchId":1,"trigger":0},
{"id":48,"list":[{"code":122,"indent":0,"parameters":[17,17,0,0,111]},{"code":122,"indent":0,"parameters":[16,16,0,0,14]},{"code":122,"indent":0,"parameters":[14,14,0,0,7]},{"code":122,"indent":0,"parameters":[15,15,0,0,2]},{"code":231,"indent":0,"parameters":[1,"dungomang",0,1,11,12,100,100,255,0]},{"code":0,"indent":0,"parameters":[]}],"name":"halfnetc STATS","switchId":1,"trigger":0},
{"id":49,"list":[{"code":122,"indent":0,"parameters":[17,17,0,0,100]},{"code":122,"indent":0,"parameters":[16,16,0,0,11]},{"code":122,"indent":0,"parameters":[14,14,0,0,2]},{"code":231,"indent":0,"parameters":[1,"MindFuckQueen",0,1,11,12,100,100,255,0]},{"code":0,"indent":0,"parameters":[]}],"name":"mfq STATS","switchId":1,"trigger":0},
{"id":50,"list":[{"code":122,"indent":0,"parameters":[17,17,0,0,100]},{"code":122,"indent":0,"parameters":[16,16,0,0,11]},{"code":122,"indent":0,"parameters":[14,14,0,0,2]},{"code":0,"indent":0,"parameters":[]}],"name":"whiteye STATS","switchId":1,"trigger":0},
{"id":51,"list":[{"code":122,"indent":0,"parameters":[17,17,0,0,10000]},{"code":122,"indent":0,"parameters":[16,16,0,0,5]},{"code":122,"indent":0,"parameters":[14,14,0,0,15]},{"code":0,"indent":0,"parameters":[]}],"name":"capdr STATS","switchId":1,"trigger":0},
{"id":52,"list":[{"code":122,"indent":0,"parameters":[17,17,0,0,99999999]},{"code":122,"indent":0,"parameters":[16,16,0,0,999]},{"code":122,"indent":0,"parameters":[14,14,0,0,999]},{"code":231,"indent":0,"parameters":[1,"xilef",0,1,11,12,100,100,255,0]},{"code":0,"indent":0,"parameters":[]}],"name":"xilef STATS","switchId":1,"trigger":0},
{"id":53,"list":[{"code":0,"indent":0,"parameters":[]}],"name":"","switchId":1,"trigger":0},
{"id":54,"list":[{"code":0,"indent":0,"parameters":[]}],"name":"","switchId":1,"trigger":0},
{"id":55,"list":[{"code":0,"indent":0,"parameters":[]}],"name":"","switchId":1,"trigger":0},
{"id":56,"list":[{"code":0,"indent":0,"parameters":[]}],"name":"","switchId":1,"trigger":0},
{"id":57,"list":[{"code":0,"indent":0,"parameters":[]}],"name":"","switchId":1,"trigger":0},
{"id":58,"list":[{"code":0,"indent":0,"parameters":[]}],"name":"","switchId":1,"trigger":0},
{"id":59,"list":[{"code":111,"indent":0,"parameters":[0,7,0]},{"code":101,"indent":1,"parameters":["",0,0,2]},{"code":401,"indent":1,"parameters":["SWEET!! You're getting pumped!"]},{"code":401,"indent":1,"parameters":["Your attack has increased!"]},{"code":122,"indent":1,"parameters":[27,27,0,0,5]},{"code":121,"indent":1,"parameters":[7,7,0]},{"code":0,"indent":1,"parameters":[]},{"code":411,"indent":0,"parameters":[]},{"code":101,"indent":1,"parameters":["",0,0,2]},{"code":401,"indent":1,"parameters":["SWEET!! You're getting pumped!"]},{"code":401,"indent":1,"parameters":["Your attack has increased!"]},{"code":122,"indent":1,"parameters":[27,27,1,0,1]},{"code":0,"indent":1,"parameters":[]},{"code":412,"indent":0,"parameters":[]},{"code":0,"indent":0,"parameters":[]}],"name":"atk bonus","switchId":1,"trigger":0},
{"id":60,"list":[{"code":122,"indent":0,"parameters":[20,20,0,2,0,2]},{"code":111,"indent":0,"parameters":[1,20,0,0,0]},{"code":101,"indent":1,"parameters":["",0,0,2]},{"code":401,"indent":1,"parameters":["Hey.\\. You know I'm a rat\\. right. So,\\. like"]},{"code":401,"indent":1,"parameters":["I\\. must love ch-ch-ch-cheeeeeese,\\. right?"]},{"code":101,"indent":1,"parameters":["",0,0,2]},{"code":401,"indent":1,"parameters":["So...\\.\\. Ta-ta-ta-tell me, Hue-Man, do\\. "]},{"code":401,"indent":1,"parameters":["you know\\.\\. what they call a ca-ca-ca-connoisseur\\.\\."]},{"code":401,"indent":1,"parameters":["& merchant \\. of fine cheeeeeeeeses on your filthy"]},{"code":401,"indent":1,"parameters":["little planet?"]},{"code":102,"indent":1,"parameters":[["Cheesemonger","A Parasian","Deli-worker"],-1,0,2,0]},{"code":402,"indent":1,"parameters":[0,"Cheesemonger"]},{"code":101,"indent":2,"parameters":["",0,0,2]},{"code":401,"indent":2,"parameters":["Wow! \\.How'd you get so smart!?"]},{"code":117,"indent":2,"parameters":[59]},{"code":0,"indent":2,"parameters":[]},{"code":402,"indent":1,"parameters":[1,"A Parasian"]},{"code":101,"indent":2,"parameters":["",0,0,2]},{"code":401,"indent":2,"parameters":["Th-th-that \\. seems \\.\\. kinda racist \\.\\. brah...\\|"]},{"code":0,"indent":2,"parameters":[]},{"code":402,"indent":1,"parameters":[2,"Deli-worker"]},{"code":101,"indent":2,"parameters":["",0,0,2]},{"code":401,"indent":2,"parameters":["\\..\\..\\..\\. Hahahaha!"]},{"code":401,"indent":2,"parameters":["You think\\. you're funny!"]},{"code":0,"indent":2,"parameters":[]},{"code":404,"indent":1,"parameters":[]},{"code":0,"indent":1,"parameters":[]},{"code":411,"indent":0,"parameters":[]},{"code":111,"indent":1,"parameters":[1,20,0,1,0]},{"code":101,"indent":2,"parameters":["",0,0,2]},{"code":401,"indent":2,"parameters":["You know, it wasn't just rats that helped"]},{"code":401,"indent":2,"parameters":["to spread the black plague through Europe. Do you "]},{"code":401,"indent":2,"parameters":["know what other supposed \"vermin\" helped us carried "]},{"code":401,"indent":2,"parameters":["the virus?"]},{"code":102,"indent":2,"parameters":[["The Republican Party","Tape Worms","The Flea"],-1,0,2,0]},{"code":402,"indent":2,"parameters":[0,"The Republican Party"]},{"code":101,"indent":3,"parameters":["",0,0,2]},{"code":401,"indent":3,"parameters":["No, they're the ones trying to end the world."]},{"code":401,"indent":3,"parameters":["This is entirely different..."]},{"code":0,"indent":3,"parameters":[]},{"code":402,"indent":2,"parameters":[1,"Tape Worms"]},{"code":101,"indent":3,"parameters":["",0,0,2]},{"code":401,"indent":3,"parameters":["Mmm-mm! A worm sounds delicious right about now!"]},{"code":0,"indent":3,"parameters":[]},{"code":402,"indent":2,"parameters":[2,"The Flea"]},{"code":101,"indent":3,"parameters":["",0,0,2]},{"code":401,"indent":3,"parameters":["You're right! Fleas helped carried the"]},{"code":401,"indent":3,"parameters":["plague virus."]},{"code":117,"indent":3,"parameters":[59]},{"code":0,"indent":3,"parameters":[]},{"code":404,"indent":2,"parameters":[]},{"code":0,"indent":2,"parameters":[]},{"code":411,"indent":1,"parameters":[]},{"code":111,"indent":2,"parameters":[1,20,0,2,0]},{"code":101,"indent":3,"parameters":["",0,0,2]},{"code":401,"indent":3,"parameters":["Man, it's kind of lonely down here sometimes."]},{"code":401,"indent":3,"parameters":["I just want to burrow but there's nothing"]},{"code":401,"indent":3,"parameters":["but rocks. Even so, I do have a few good friends."]},{"code":101,"indent":3,"parameters":["",0,0,2]},{"code":401,"indent":3,"parameters":["Can you tell me?"]},{"code":401,"indent":3,"parameters":["What do you think about rats?"]},{"code":102,"indent":3,"parameters":[["You stink.","You're kind of cute.","I wish my pet cat were here..."],-1,0,2,0]},{"code":402,"indent":3,"parameters":[0,"You stink."]},{"code":101,"indent":4,"parameters":["",0,0,2]},{"code":401,"indent":4,"parameters":["Rude."]},{"code":0,"indent":4,"parameters":[]},{"code":402,"indent":3,"parameters":[1,"You're kind of cute."]},{"code":101,"indent":4,"parameters":["",0,0,2]},{"code":401,"indent":4,"parameters":["Awe! I like you too!"]},{"code":117,"indent":4,"parameters":[59]},{"code":0,"indent":4,"parameters":[]},{"code":402,"indent":3,"parameters":[2,"I wish my pet cat were here..."]},{"code":101,"indent":4,"parameters":["",0,0,2]},{"code":401,"indent":4,"parameters":["Really?"]},{"code":0,"indent":4,"parameters":[]},{"code":404,"indent":3,"parameters":[]},{"code":0,"indent":3,"parameters":[]},{"code":412,"indent":2,"parameters":[]},{"code":0,"indent":2,"parameters":[]},{"code":412,"indent":1,"parameters":[]},{"code":0,"indent":1,"parameters":[]},{"code":412,"indent":0,"parameters":[]},{"code":0,"indent":0,"parameters":[]}],"name":"RAT Speech Craft options","switchId":1,"trigger":0},
{"id":61,"list":[{"code":122,"indent":0,"parameters":[20,20,0,2,0,2]},{"code":111,"indent":0,"parameters":[1,20,0,0,0]},{"code":101,"indent":1,"parameters":["",0,0,2]},{"code":401,"indent":1,"parameters":["Can you believe that all my organs fit into"]},{"code":401,"indent":1,"parameters":["this slender body of mine? Truth be told"]},{"code":401,"indent":1,"parameters":["I can't get over it my self."]},{"code":101,"indent":1,"parameters":["",0,0,2]},{"code":401,"indent":1,"parameters":["Anywho... I wanted to ask you something."]},{"code":401,"indent":1,"parameters":["Have you seen any rats around?"]},{"code":102,"indent":1,"parameters":[["Oh yeah, I just saw one.","What is this \"rat\"?","..."],-1,0,2,0]},{"code":402,"indent":1,"parameters":[0,"Oh yeah, I just saw one."]},{"code":101,"indent":2,"parameters":["",0,0,2]},{"code":401,"indent":2,"parameters":["Will you point me in the direction please?"]},{"code":401,"indent":2,"parameters":["I'm feeling rather peckish."]},{"code":117,"indent":2,"parameters":[59]},{"code":0,"indent":2,"parameters":[]},{"code":402,"indent":1,"parameters":[1,"What is this \"rat\"?"]},{"code":101,"indent":2,"parameters":["",0,0,2]},{"code":401,"indent":2,"parameters":["Don't play stupid with me. You don't think I can"]},{"code":401,"indent":2,"parameters":["see your stats?"]},{"code":0,"indent":2,"parameters":[]},{"code":402,"indent":1,"parameters":[2,"..."]},{"code":101,"indent":2,"parameters":["",0,0,2]},{"code":401,"indent":2,"parameters":["..."]},{"code":401,"indent":2,"parameters":["(The \"Snek\" is staring back at you with a strange"]},{"code":401,"indent":2,"parameters":["look in it's eyes)"]},{"code":0,"indent":2,"parameters":[]},{"code":404,"indent":1,"parameters":[]},{"code":0,"indent":1,"parameters":[]},{"code":411,"indent":0,"parameters":[]},{"code":111,"indent":1,"parameters":[1,20,0,1,0]},{"code":101,"indent":2,"parameters":["",0,0,2]},{"code":401,"indent":2,"parameters":["You look hungry."]},{"code":401,"indent":2,"parameters":["I have some extra pomegranate."]},{"code":401,"indent":2,"parameters":["You can have them if you like."]},{"code":102,"indent":2,"parameters":[["Sure.","Got any apples?","I don't eat fruit."],-1,0,2,0]},{"code":402,"indent":2,"parameters":[0,"Sure."]},{"code":101,"indent":3,"parameters":["",0,0,2]},{"code":401,"indent":3,"parameters":["Snek game you two health potions."]},{"code":126,"indent":3,"parameters":[1,0,0,2]},{"code":0,"indent":3,"parameters":[]},{"code":402,"indent":2,"parameters":[1,"Got any apples?"]},{"code":101,"indent":3,"parameters":["",0,0,2]},{"code":401,"indent":3,"parameters":["Apples? What the hell do you think this is,"]},{"code":401,"indent":3,"parameters":["Quazar's Bazaar?"]},{"code":0,"indent":3,"parameters":[]},{"code":402,"indent":2,"parameters":[2,"I don't eat fruit."]},{"code":101,"indent":3,"parameters":["",0,0,2]},{"code":401,"indent":3,"parameters":["That can't be good for your health homie."]},{"code":401,"indent":3,"parameters":["\\|"]},{"code":401,"indent":3,"parameters":["But what do I know?"]},{"code":0,"indent":3,"parameters":[]},{"code":404,"indent":2,"parameters":[]},{"code":0,"indent":2,"parameters":[]},{"code":411,"indent":1,"parameters":[]},{"code":111,"indent":2,"parameters":[1,20,0,2,0]},{"code":101,"indent":3,"parameters":["",0,0,2]},{"code":401,"indent":3,"parameters":["Alright homie, I'm going to be straight with you. "]},{"code":401,"indent":3,"parameters":["I can't stand living on this rock, but Quazar keeps"]},{"code":401,"indent":3,"parameters":["me here as his pet. I'm not even a snek! I'm a "]},{"code":401,"indent":3,"parameters":["Dzaargon from Alpha Centauri, right down the road."]},{"code":101,"indent":3,"parameters":["",0,0,2]},{"code":401,"indent":3,"parameters":["Anyway, I was wondering if you had room in your ship"]},{"code":401,"indent":3,"parameters":["for me?"]},{"code":102,"indent":3,"parameters":[["Sure man, I can drop you off in Amazonia.","I'm not really going that way...","Nah, I don't like having sneks in my ship."],-1,0,2,0]},{"code":402,"indent":3,"parameters":[0,"Sure man, I can drop you off in Amazonia."]},{"code":101,"indent":4,"parameters":["",0,0,2]},{"code":401,"indent":4,"parameters":["That would be awesome! I've never been to Earth before."]},{"code":117,"indent":4,"parameters":[59]},{"code":0,"indent":4,"parameters":[]},{"code":402,"indent":3,"parameters":[1,"I'm not really going that way..."]},{"code":101,"indent":4,"parameters":["",0,0,2]},{"code":401,"indent":4,"parameters":["Dude. C'mon! You can't give me a ride?"]},{"code":401,"indent":4,"parameters":["I'll go to Earth, I don't really care."]},{"code":0,"indent":4,"parameters":[]},{"code":402,"indent":3,"parameters":[2,"Nah, I don't like having sneks in my ship."]},{"code":101,"indent":4,"parameters":["",0,0,2]},{"code":401,"indent":4,"parameters":["\\.. \\.. \\.."]},{"code":0,"indent":4,"parameters":[]},{"code":404,"indent":3,"parameters":[]},{"code":0,"indent":3,"parameters":[]},{"code":412,"indent":2,"parameters":[]},{"code":0,"indent":2,"parameters":[]},{"code":412,"indent":1,"parameters":[]},{"code":0,"indent":1,"parameters":[]},{"code":412,"indent":0,"parameters":[]},{"code":0,"indent":0,"parameters":[]}],"name":"SNEK Speech Craft options","switchId":1,"trigger":0},
{"id":62,"list":[{"code":122,"indent":0,"parameters":[20,20,0,2,0,2]},{"code":111,"indent":0,"parameters":[1,20,0,0,0]},{"code":101,"indent":1,"parameters":["",0,0,2]},{"code":401,"indent":1,"parameters":["Hey. I was told to cut this pepper"]},{"code":401,"indent":1,"parameters":["Julie-Ann style. I'm going to get yelled at"]},{"code":401,"indent":1,"parameters":["if I don't do this right. Can you help me?"]},{"code":401,"indent":1,"parameters":["How do you cut someting like Julie-Ann?"]},{"code":102,"indent":1,"parameters":[["Long, thin strips brah! like Matchsticks","I don't know no Julie-Ann.","Try chopping it into tiny little pieces."],-1,0,2,0]},{"code":402,"indent":1,"parameters":[0,"Long, thin strips brah! like Matchsticks"]},{"code":101,"indent":2,"parameters":["",0,0,2]},{"code":401,"indent":2,"parameters":["Dude..."]},{"code":401,"indent":2,"parameters":["I think you're right."]},{"code":117,"indent":2,"parameters":[59]},{"code":0,"indent":2,"parameters":[]},{"code":402,"indent":1,"parameters":[1,"I don't know no Julie-Ann."]},{"code":101,"indent":2,"parameters":["",0,0,2]},{"code":401,"indent":2,"parameters":["They always said you Hue-manz were good for nothing."]},{"code":401,"indent":2,"parameters":["Anyway, can we get this show on the road?"]},{"code":401,"indent":2,"parameters":["I got places to be."]},{"code":0,"indent":2,"parameters":[]},{"code":402,"indent":1,"parameters":[2,"Try chopping it into tiny little pieces."]},{"code":101,"indent":2,"parameters":["",0,0,2]},{"code":401,"indent":2,"parameters":["I think you are talking about mincing or dicing."]},{"code":401,"indent":2,"parameters":["Listen, I'm not letting you get ahead of"]},{"code":401,"indent":2,"parameters":["me in the kitchen heirarchy. You can't fool me!"]},{"code":0,"indent":2,"parameters":[]},{"code":404,"indent":1,"parameters":[]},{"code":0,"indent":1,"parameters":[]},{"code":411,"indent":0,"parameters":[]},{"code":111,"indent":1,"parameters":[1,20,0,1,0]},{"code":101,"indent":2,"parameters":["",0,0,2]},{"code":401,"indent":2,"parameters":["Wabbalab uh dwangdoodle. Ipsum draksum drenketh"]},{"code":401,"indent":2,"parameters":["das sveetest vine I e're did sea."]},{"code":102,"indent":2,"parameters":[["Gloopy glop glop","Burned Toast","Chinese Finger Trap!"],-1,0,2,0]},{"code":402,"indent":2,"parameters":[0,"Gloopy glop glop"]},{"code":101,"indent":3,"parameters":["",0,0,2]},{"code":401,"indent":3,"parameters":["It's hard to tell, but I think it's smiling"]},{"code":401,"indent":3,"parameters":["in this direction..."]},{"code":117,"indent":3,"parameters":[59]},{"code":0,"indent":3,"parameters":[]},{"code":402,"indent":2,"parameters":[1,"Burned Toast"]},{"code":101,"indent":3,"parameters":["",0,0,2]},{"code":401,"indent":3,"parameters":["Do you even listen when I speak?"]},{"code":0,"indent":3,"parameters":[]},{"code":402,"indent":2,"parameters":[2,"Chinese Finger Trap!"]},{"code":101,"indent":3,"parameters":["",0,0,2]},{"code":401,"indent":3,"parameters":["I love those things!"]},{"code":401,"indent":3,"parameters":["Do you have one?"]},{"code":102,"indent":3,"parameters":[["Yes","No"],1,0,2,0]},{"code":402,"indent":3,"parameters":[0,"Yes"]},{"code":101,"indent":4,"parameters":["",0,0,2]},{"code":401,"indent":4,"parameters":["Yeah, okay."]},{"code":401,"indent":4,"parameters":["Hand it over."]},{"code":102,"indent":4,"parameters":[["Try to dupe her into taking a cool looking rocked you picked up earlier.","Do the macarena.","Back down."],-1,0,2,0]},{"code":402,"indent":4,"parameters":[0,"Try to dupe her into taking a cool looking rocked you picked up earlier."]},{"code":101,"indent":5,"parameters":["",0,0,2]},{"code":401,"indent":5,"parameters":["Get out of here with that. You're lucky I don't"]},{"code":401,"indent":5,"parameters":["strike you down right now with my lazer eye vision\\.!\\.!"]},{"code":0,"indent":5,"parameters":[]},{"code":402,"indent":4,"parameters":[1,"Do the macarena."]},{"code":101,"indent":5,"parameters":["",0,0,2]},{"code":401,"indent":5,"parameters":["*It begins lauging maniacaly.*"]},{"code":117,"indent":5,"parameters":[59]},{"code":0,"indent":5,"parameters":[]},{"code":402,"indent":4,"parameters":[2,"Back down."]},{"code":101,"indent":5,"parameters":["",0,0,2]},{"code":401,"indent":5,"parameters":["Yeah. That's what I thought."]},{"code":0,"indent":5,"parameters":[]},{"code":404,"indent":4,"parameters":[]},{"code":0,"indent":4,"parameters":[]},{"code":402,"indent":3,"parameters":[1,"No"]},{"code":0,"indent":4,"parameters":[]},{"code":404,"indent":3,"parameters":[]},{"code":0,"indent":3,"parameters":[]},{"code":404,"indent":2,"parameters":[]},{"code":0,"indent":2,"parameters":[]},{"code":411,"indent":1,"parameters":[]},{"code":111,"indent":2,"parameters":[1,20,0,2,0]},{"code":101,"indent":3,"parameters":["",0,0,2]},{"code":401,"indent":3,"parameters":["This egg used to be round. What the heck is going on?"]},{"code":102,"indent":3,"parameters":[["This place has the effect on people.","There is no egg.","The egg is a lie. No really, I already ate it."],-1,0,2,0]},{"code":402,"indent":3,"parameters":[0,"This place has the effect on people."]},{"code":101,"indent":4,"parameters":["",0,0,2]},{"code":401,"indent":4,"parameters":["Yeah, you're right."]},{"code":401,"indent":4,"parameters":["But you act like you've been here forever."]},{"code":117,"indent":4,"parameters":[59]},{"code":0,"indent":4,"parameters":[]},{"code":402,"indent":3,"parameters":[1,"There is no egg."]},{"code":101,"indent":4,"parameters":["",0,0,2]},{"code":401,"indent":4,"parameters":["What? Are you making a reference to the "]},{"code":401,"indent":4,"parameters":["2,456.8 gy [1999 ad] sci-fi action film from Earth?"]},{"code":401,"indent":4,"parameters":["Wow, dude, really?"]},{"code":0,"indent":4,"parameters":[]},{"code":402,"indent":3,"parameters":[2,"The egg is a lie. No really, I already ate it."]},{"code":101,"indent":4,"parameters":["",0,0,2]},{"code":401,"indent":4,"parameters":["THAT EGG WAS MY CHILD!!"]},{"code":101,"indent":4,"parameters":["",0,0,2]},{"code":401,"indent":4,"parameters":["It's getting pissed."]},{"code":401,"indent":4,"parameters":["*GKC's attack just increased by 4!*"]},{"code":122,"indent":4,"parameters":[16,16,1,0,4]},{"code":0,"indent":4,"parameters":[]},{"code":404,"indent":3,"parameters":[]},{"code":0,"indent":3,"parameters":[]},{"code":412,"indent":2,"parameters":[]},{"code":0,"indent":2,"parameters":[]},{"code":412,"indent":1,"parameters":[]},{"code":0,"indent":1,"parameters":[]},{"code":412,"indent":0,"parameters":[]},{"code":0,"indent":0,"parameters":[]}],"name":"GCK Speech Craft options","switchId":1,"trigger":0},
{"id":63,"list":[{"code":122,"indent":0,"parameters":[20,20,0,2,0,2]},{"code":111,"indent":0,"parameters":[1,20,0,0,0]},{"code":101,"indent":1,"parameters":["",0,0,2]},{"code":401,"indent":1,"parameters":["Meow meow, meeoowww mrawk, mkgnao!!"]},{"code":102,"indent":1,"parameters":[["Stupid kitty!","Meeeeooow!","Give it some of your Blank Brand Space Jerky"],-1,0,2,0]},{"code":402,"indent":1,"parameters":[0,"Stupid kitty!"]},{"code":101,"indent":2,"parameters":["",0,0,2]},{"code":401,"indent":2,"parameters":["Evil Kiki lowers its body to the cave floor."]},{"code":401,"indent":2,"parameters":["She is glaring at you."]},{"code":0,"indent":2,"parameters":[]},{"code":402,"indent":1,"parameters":[1,"Meeeeooow!"]},{"code":101,"indent":2,"parameters":["",0,0,2]},{"code":401,"indent":2,"parameters":["The giant calico cat slowly walks toward you."]},{"code":401,"indent":2,"parameters":["She sniffs your hind region. Then she rubbs her soft"]},{"code":401,"indent":2,"parameters":["furry body against you before walking away into"]},{"code":401,"indent":2,"parameters":["the darkness of the caverns."]},{"code":113,"indent":2,"parameters":[]},{"code":0,"indent":2,"parameters":[]},{"code":402,"indent":1,"parameters":[2,"Give it some of your Blank Brand Space Jerky"]},{"code":101,"indent":2,"parameters":["",0,0,2]},{"code":401,"indent":2,"parameters":["MEEEOWWWWWWWWW!!!!"]},{"code":401,"indent":2,"parameters":["*The cat seems pleased.*"]},{"code":117,"indent":2,"parameters":[59]},{"code":0,"indent":2,"parameters":[]},{"code":404,"indent":1,"parameters":[]},{"code":0,"indent":1,"parameters":[]},{"code":411,"indent":0,"parameters":[]},{"code":111,"indent":1,"parameters":[1,20,0,1,0]},{"code":101,"indent":2,"parameters":["",0,0,2]},{"code":401,"indent":2,"parameters":["Damn. You look good, girl!"]},{"code":102,"indent":2,"parameters":[["...","You're mother!","Are you drunk?"],-1,0,2,0]},{"code":402,"indent":2,"parameters":[0,"..."]},{"code":101,"indent":3,"parameters":["",0,0,2]},{"code":401,"indent":3,"parameters":["..."]},{"code":0,"indent":3,"parameters":[]},{"code":402,"indent":2,"parameters":[1,"You're mother!"]},{"code":101,"indent":3,"parameters":["",0,0,2]},{"code":401,"indent":3,"parameters":["I have no mother!"]},{"code":0,"indent":3,"parameters":[]},{"code":402,"indent":2,"parameters":[2,"Are you drunk?"]},{"code":101,"indent":3,"parameters":["",0,0,2]},{"code":401,"indent":3,"parameters":["AF!"]},{"code":401,"indent":3,"parameters":["How'd you know? Anyway, I go places to be."]},{"code":401,"indent":3,"parameters":["*The giant cat stumbles away into the darkness.*"]},{"code":117,"indent":3,"parameters":[59]},{"code":0,"indent":3,"parameters":[]},{"code":404,"indent":2,"parameters":[]},{"code":0,"indent":2,"parameters":[]},{"code":411,"indent":1,"parameters":[]},{"code":111,"indent":2,"parameters":[1,20,0,2,0]},{"code":101,"indent":3,"parameters":["",0,0,2]},{"code":401,"indent":3,"parameters":["Before I came here I was trapped in a"]},{"code":401,"indent":3,"parameters":["labyrinth. It was terrible there. Then I was born "]},{"code":401,"indent":3,"parameters":["into this galaxy. I was taken from my family"]},{"code":401,"indent":3,"parameters":["and now I live here on this rock."]},{"code":101,"indent":3,"parameters":["",0,0,2]},{"code":401,"indent":3,"parameters":["But, at least there's water and sneks to eat."]},{"code":401,"indent":3,"parameters":["Anyhow. You should keep an eye out for"]},{"code":401,"indent":3,"parameters":["El Gato, Mi Gato. It's a game that Felix has "]},{"code":401,"indent":3,"parameters":["in his mind. He just needs more time and resources."]},{"code":101,"indent":3,"parameters":["",0,0,2]},{"code":401,"indent":3,"parameters":["I don't know why I'm saying such strange things."]},{"code":401,"indent":3,"parameters":["Thanks for listening and not judging too much."]},{"code":401,"indent":3,"parameters":["Here's a reward for your patience."]},{"code":117,"indent":3,"parameters":[59]},{"code":0,"indent":3,"parameters":[]},{"code":412,"indent":2,"parameters":[]},{"code":0,"indent":2,"parameters":[]},{"code":412,"indent":1,"parameters":[]},{"code":0,"indent":1,"parameters":[]},{"code":412,"indent":0,"parameters":[]},{"code":0,"indent":0,"parameters":[]}],"name":"GOBCHEF Speech Craft options","switchId":1,"trigger":0},
{"id":64,"list":[{"code":122,"indent":0,"parameters":[20,20,0,2,0,2]},{"code":111,"indent":0,"parameters":[1,20,0,0,0]},{"code":101,"indent":1,"parameters":["",0,0,2]},{"code":401,"indent":1,"parameters":["Each flower of the navel"]},{"code":401,"indent":1,"parameters":["Is from a different stroke"]},{"code":401,"indent":1,"parameters":["Cuz the dagnab author"]},{"code":401,"indent":1,"parameters":["Is broke, he's broke, he's broke."]},{"code":102,"indent":1,"parameters":[["What the hell are you talking about?","It's on the left just after the WacRoland's.","Wubbalubbadubdub!"],-1,0,2,0]},{"code":402,"indent":1,"parameters":[0,"What the hell are you talking about?"]},{"code":101,"indent":2,"parameters":["",0,0,2]},{"code":401,"indent":2,"parameters":[".\\..\\.."]},{"code":0,"indent":2,"parameters":[]},{"code":402,"indent":1,"parameters":[1,"It's on the left just after the WacRoland's."]},{"code":101,"indent":2,"parameters":["",0,0,2]},{"code":401,"indent":2,"parameters":[".\\..\\.."]},{"code":0,"indent":2,"parameters":[]},{"code":402,"indent":1,"parameters":[2,"Wubbalubbadubdub!"]},{"code":101,"indent":2,"parameters":["",0,0,2]},{"code":401,"indent":2,"parameters":[".\\..\\.."]},{"code":117,"indent":2,"parameters":[59]},{"code":0,"indent":2,"parameters":[]},{"code":404,"indent":1,"parameters":[]},{"code":0,"indent":1,"parameters":[]},{"code":411,"indent":0,"parameters":[]},{"code":111,"indent":1,"parameters":[1,20,0,1,0]},{"code":101,"indent":2,"parameters":["",0,0,2]},{"code":401,"indent":2,"parameters":["When, in disgrace with fortune and men’s eyes,"]},{"code":401,"indent":2,"parameters":["I all alone beweep my outcast state,"]},{"code":401,"indent":2,"parameters":["And trouble deaf heaven with my bootless cries,"]},{"code":401,"indent":2,"parameters":["And look upon myself, and curse my fate,"]},{"code":101,"indent":2,"parameters":["",0,0,2]},{"code":401,"indent":2,"parameters":["Wishing me like to one more rich in hope,"]},{"code":401,"indent":2,"parameters":["Featur’d like him, like him with friends possess’d,"]},{"code":401,"indent":2,"parameters":["Desiring this man’s art and that man’s scope,"]},{"code":401,"indent":2,"parameters":["With what I most enjoy contented least;"]},{"code":101,"indent":2,"parameters":["",0,0,2]},{"code":401,"indent":2,"parameters":["Yet in these thoughts myself almost despising,"]},{"code":401,"indent":2,"parameters":["Haply I think on thee, and then my state,"]},{"code":401,"indent":2,"parameters":["Like to the lark at break of day arising"]},{"code":401,"indent":2,"parameters":["From sullen earth, sings hymns at heaven’s gate;"]},{"code":101,"indent":2,"parameters":["",0,0,2]},{"code":401,"indent":2,"parameters":["For thy sweet love remember’d such wealth brings"]},{"code":401,"indent":2,"parameters":["That then I scorn to change my state with kings."]},{"code":102,"indent":2,"parameters":[["Milton","Sonnet 29","Pretentious much?"],-1,0,2,0]},{"code":402,"indent":2,"parameters":[0,"Milton"]},{"code":101,"indent":3,"parameters":["",0,0,2]},{"code":401,"indent":3,"parameters":[".\\..\\.."]},{"code":0,"indent":3,"parameters":[]},{"code":402,"indent":2,"parameters":[1,"Sonnet 29"]},{"code":101,"indent":3,"parameters":["",0,0,2]},{"code":401,"indent":3,"parameters":[".\\..\\.."]},{"code":117,"indent":3,"parameters":[59]},{"code":0,"indent":3,"parameters":[]},{"code":402,"indent":2,"parameters":[2,"Pretentious much?"]},{"code":101,"indent":3,"parameters":["",0,0,2]},{"code":401,"indent":3,"parameters":[".\\..\\.."]},{"code":0,"indent":3,"parameters":[]},{"code":404,"indent":2,"parameters":[]},{"code":0,"indent":2,"parameters":[]},{"code":411,"indent":1,"parameters":[]},{"code":111,"indent":2,"parameters":[1,20,0,2,0]},{"code":101,"indent":3,"parameters":["",0,0,2]},{"code":401,"indent":3,"parameters":["Razors pain you; "]},{"code":401,"indent":3,"parameters":["Rivers are damp; "]},{"code":401,"indent":3,"parameters":["Acids stain you; "]},{"code":401,"indent":3,"parameters":["And drugs cause cramp."]},{"code":101,"indent":3,"parameters":["",0,0,2]},{"code":401,"indent":3,"parameters":["Guns aren't lawful; "]},{"code":401,"indent":3,"parameters":["Nooses give; "]},{"code":401,"indent":3,"parameters":["Gas smells awful; "]},{"code":401,"indent":3,"parameters":["You might as well live [as my slave]."]},{"code":102,"indent":3,"parameters":[["Dorothy Parker","PLAGARIST!","Something Something BananaROMA TV Dot Com"],-1,0,2,0]},{"code":402,"indent":3,"parameters":[0,"Dorothy Parker"]},{"code":101,"indent":4,"parameters":["",0,0,2]},{"code":401,"indent":4,"parameters":[".\\..\\.."]},{"code":101,"indent":4,"parameters":["",0,0,2]},{"code":401,"indent":4,"parameters":["Ashura nods at you."]},{"code":117,"indent":4,"parameters":[59]},{"code":0,"indent":4,"parameters":[]},{"code":402,"indent":3,"parameters":[1,"PLAGARIST!"]},{"code":101,"indent":4,"parameters":["",0,0,2]},{"code":401,"indent":4,"parameters":[".\\..\\.."]},{"code":0,"indent":4,"parameters":[]},{"code":402,"indent":3,"parameters":[2,"Something Something BananaROMA TV Dot Com"]},{"code":101,"indent":4,"parameters":["",0,0,2]},{"code":401,"indent":4,"parameters":[".\\..\\.."]},{"code":401,"indent":4,"parameters":["[Check us out at BananaROMaTV.com]"]},{"code":0,"indent":4,"parameters":[]},{"code":404,"indent":3,"parameters":[]},{"code":0,"indent":3,"parameters":[]},{"code":412,"indent":2,"parameters":[]},{"code":0,"indent":2,"parameters":[]},{"code":412,"indent":1,"parameters":[]},{"code":0,"indent":1,"parameters":[]},{"code":412,"indent":0,"parameters":[]},{"code":0,"indent":0,"parameters":[]}],"name":"ASHURA Speech Craft options","switchId":1,"trigger":0},
{"id":65,"list":[{"code":122,"indent":0,"parameters":[20,20,0,2,0,2]},{"code":111,"indent":0,"parameters":[1,20,0,0,0]},{"code":101,"indent":1,"parameters":["",0,0,2]},{"code":401,"indent":1,"parameters":["'Ey sup doggy. You wanna try some of this here"]},{"code":401,"indent":1,"parameters":["meat?"]},{"code":102,"indent":1,"parameters":[["Yeah!","Ew, gross!","I'll pass."],-1,0,2,0]},{"code":402,"indent":1,"parameters":[0,"Yeah!"]},{"code":101,"indent":2,"parameters":["",0,0,2]},{"code":401,"indent":2,"parameters":["You're health fully recovered!"]},{"code":122,"indent":2,"parameters":[23,23,0,1,26]},{"code":0,"indent":2,"parameters":[]},{"code":402,"indent":1,"parameters":[1,"Ew, gross!"]},{"code":101,"indent":2,"parameters":["",0,0,2]},{"code":401,"indent":2,"parameters":["C'mon guy. It's organic!"]},{"code":0,"indent":2,"parameters":[]},{"code":402,"indent":1,"parameters":[2,"I'll pass."]},{"code":101,"indent":2,"parameters":["",0,0,2]},{"code":401,"indent":2,"parameters":["Are you calling me fat?"]},{"code":0,"indent":2,"parameters":[]},{"code":404,"indent":1,"parameters":[]},{"code":0,"indent":1,"parameters":[]},{"code":411,"indent":0,"parameters":[]},{"code":111,"indent":1,"parameters":[1,20,0,1,0]},{"code":101,"indent":2,"parameters":["",0,0,2]},{"code":401,"indent":2,"parameters":["I'm originally from Titan, where pigs are worshipped"]},{"code":401,"indent":2,"parameters":["like celebrities. Won't you worship me?"]},{"code":102,"indent":2,"parameters":[["Grovel at it's feet.","Ignore it's command.","I like your steez, pig."],-1,0,2,0]},{"code":402,"indent":2,"parameters":[0,"Grovel at it's feet."]},{"code":101,"indent":3,"parameters":["",0,0,2]},{"code":401,"indent":3,"parameters":["You get it! I don't care what the other inahbitants"]},{"code":401,"indent":3,"parameters":["say about you, I like ya kid."]},{"code":117,"indent":3,"parameters":[59]},{"code":0,"indent":3,"parameters":[]},{"code":402,"indent":2,"parameters":[1,"Ignore it's command."]},{"code":101,"indent":3,"parameters":["",0,0,2]},{"code":401,"indent":3,"parameters":["Insolence!"]},{"code":0,"indent":3,"parameters":[]},{"code":402,"indent":2,"parameters":[2,"I like your steez, pig."]},{"code":101,"indent":3,"parameters":["",0,0,2]},{"code":401,"indent":3,"parameters":["Yeahwhateverdude."]},{"code":0,"indent":3,"parameters":[]},{"code":404,"indent":2,"parameters":[]},{"code":0,"indent":2,"parameters":[]},{"code":411,"indent":1,"parameters":[]},{"code":111,"indent":2,"parameters":[1,20,0,2,0]},{"code":101,"indent":3,"parameters":["",0,0,2]},{"code":401,"indent":3,"parameters":["..."]},{"code":102,"indent":3,"parameters":[["Which little piggy are you?","Soooooooiieeeeeee!","Offer it a health potion."],-1,0,2,0]},{"code":402,"indent":3,"parameters":[0,"Which little piggy are you?"]},{"code":101,"indent":4,"parameters":["",0,0,2]},{"code":401,"indent":4,"parameters":["It's ignoring you."]},{"code":0,"indent":4,"parameters":[]},{"code":402,"indent":3,"parameters":[1,"Soooooooiieeeeeee!"]},{"code":101,"indent":4,"parameters":["",0,0,2]},{"code":401,"indent":4,"parameters":["Rude, dude."]},{"code":0,"indent":4,"parameters":[]},{"code":402,"indent":3,"parameters":[2,"Offer it a health potion."]},{"code":101,"indent":4,"parameters":["",0,0,2]},{"code":401,"indent":4,"parameters":["Thanks dude, Here's some money in exchange."]},{"code":125,"indent":4,"parameters":[0,0,10000]},{"code":0,"indent":4,"parameters":[]},{"code":404,"indent":3,"parameters":[]},{"code":0,"indent":3,"parameters":[]},{"code":412,"indent":2,"parameters":[]},{"code":0,"indent":2,"parameters":[]},{"code":412,"indent":1,"parameters":[]},{"code":0,"indent":1,"parameters":[]},{"code":412,"indent":0,"parameters":[]},{"code":0,"indent":0,"parameters":[]}],"name":"HAMMOND Speech Craft options","switchId":1,"trigger":0},
{"id":66,"list":[{"code":122,"indent":0,"parameters":[20,20,0,2,0,2]},{"code":111,"indent":0,"parameters":[1,20,0,0,0]},{"code":101,"indent":1,"parameters":["",0,0,2]},{"code":401,"indent":1,"parameters":["Duuuuuuuuuuuuuuude. \\|"]},{"code":401,"indent":1,"parameters":["Have you tried these muzroooooooomsz?"]},{"code":102,"indent":1,"parameters":[["Naw.","Yaw.","Bro, those are flip flops..."],-1,0,2,0]},{"code":402,"indent":1,"parameters":[0,"Naw."]},{"code":101,"indent":2,"parameters":["",0,0,2]},{"code":401,"indent":2,"parameters":["Brrrraaaaaahhh!"]},{"code":111,"indent":2,"parameters":[1,27,0,0,0]},{"code":101,"indent":3,"parameters":["",0,0,2]},{"code":401,"indent":3,"parameters":["SWEET!! You're getting pumped!"]},{"code":401,"indent":3,"parameters":["Your attack has temporarily increased!"]},{"code":122,"indent":3,"parameters":[27,27,0,0,5]},{"code":0,"indent":3,"parameters":[]},{"code":411,"indent":2,"parameters":[]},{"code":101,"indent":3,"parameters":["",0,0,2]},{"code":401,"indent":3,"parameters":["It looks like you already have a stat boost..."]},{"code":0,"indent":3,"parameters":[]},{"code":412,"indent":2,"parameters":[]},{"code":0,"indent":2,"parameters":[]},{"code":402,"indent":1,"parameters":[1,"Yaw."]},{"code":101,"indent":2,"parameters":["",0,0,2]},{"code":401,"indent":2,"parameters":["Yeeeeeeeaaaaaahhhhhh!"]},{"code":0,"indent":2,"parameters":[]},{"code":402,"indent":1,"parameters":[2,"Bro, those are flip flops..."]},{"code":101,"indent":2,"parameters":["",0,0,2]},{"code":401,"indent":2,"parameters":["Whoa man. Thas ruedawg."]},{"code":0,"indent":2,"parameters":[]},{"code":404,"indent":1,"parameters":[]},{"code":0,"indent":1,"parameters":[]},{"code":411,"indent":0,"parameters":[]},{"code":111,"indent":1,"parameters":[1,20,0,1,0]},{"code":101,"indent":2,"parameters":["",0,0,2]},{"code":401,"indent":2,"parameters":["Whooooooooaa mang!"]},{"code":102,"indent":2,"parameters":[["Water is lyfe brah!","Does your dad owner a dealership?","Have you seen my hypotinuse?"],-1,0,2,0]},{"code":402,"indent":2,"parameters":[0,"Water is lyfe brah!"]},{"code":101,"indent":3,"parameters":["",0,0,2]},{"code":401,"indent":3,"parameters":["Awe hell yeah! This guy!"]},{"code":401,"indent":3,"parameters":["\\|This guy right ..*hic*..here"]},{"code":401,"indent":3,"parameters":["\\|He \\|he knows shwatsup."]},{"code":117,"indent":3,"parameters":[59]},{"code":0,"indent":3,"parameters":[]},{"code":402,"indent":2,"parameters":[1,"Does your dad owner a dealership?"]},{"code":101,"indent":3,"parameters":["",0,0,2]},{"code":401,"indent":3,"parameters":["Naahhhh."]},{"code":401,"indent":3,"parameters":["\\|Braaaahhhh."]},{"code":401,"indent":3,"parameters":["*His breath really stinks*"]},{"code":0,"indent":3,"parameters":[]},{"code":402,"indent":2,"parameters":[2,"Have you seen my hypotinuse?"]},{"code":101,"indent":3,"parameters":["",0,0,2]},{"code":401,"indent":3,"parameters":["Oh shit. Really?"]},{"code":401,"indent":3,"parameters":["\\|Dude, Idontknow."]},{"code":401,"indent":3,"parameters":["Did you ask Carrol?"]},{"code":0,"indent":3,"parameters":[]},{"code":404,"indent":2,"parameters":[]},{"code":0,"indent":2,"parameters":[]},{"code":411,"indent":1,"parameters":[]},{"code":111,"indent":2,"parameters":[1,20,0,2,0]},{"code":101,"indent":3,"parameters":["",0,0,2]},{"code":401,"indent":3,"parameters":["Gruggaloooooo"]},{"code":401,"indent":3,"parameters":["glmabablamblampew"]},{"code":401,"indent":3,"parameters":["strunkalunkaduunkidydoo..."]},{"code":401,"indent":3,"parameters":["*it seems barely coherent."]},{"code":102,"indent":3,"parameters":[["Walk away."],-1,0,2,0]},{"code":402,"indent":3,"parameters":[0,"Walk away."]},{"code":101,"indent":4,"parameters":["",0,0,2]},{"code":401,"indent":4,"parameters":["You walked away."]},{"code":113,"indent":4,"parameters":[]},{"code":0,"indent":4,"parameters":[]},{"code":404,"indent":3,"parameters":[]},{"code":0,"indent":3,"parameters":[]},{"code":412,"indent":2,"parameters":[]},{"code":0,"indent":2,"parameters":[]},{"code":412,"indent":1,"parameters":[]},{"code":0,"indent":1,"parameters":[]},{"code":412,"indent":0,"parameters":[]},{"code":0,"indent":0,"parameters":[]}],"name":"FUNGI Speech Craft options","switchId":1,"trigger":0},
{"id":67,"list":[{"code":122,"indent":0,"parameters":[20,20,0,2,0,2]},{"code":111,"indent":0,"parameters":[1,20,0,0,0]},{"code":101,"indent":1,"parameters":["",0,0,2]},{"code":401,"indent":1,"parameters":["What you initially recognized as regular old"]},{"code":401,"indent":1,"parameters":["graffiti is actual sentient old graffiti."]},{"code":101,"indent":1,"parameters":["",0,0,2]},{"code":401,"indent":1,"parameters":["As you aproach you hear it mumbling to itself."]},{"code":102,"indent":1,"parameters":[["Greet it.","Ignore it.","Engage in its conversation."],-1,0,2,0]},{"code":402,"indent":1,"parameters":[0,"Greet it."]},{"code":101,"indent":2,"parameters":["",0,0,2]},{"code":401,"indent":2,"parameters":["It doesn't seem to pay you much mind."]},{"code":0,"indent":2,"parameters":[]},{"code":402,"indent":1,"parameters":[1,"Ignore it."]},{"code":101,"indent":2,"parameters":["",0,0,2]},{"code":401,"indent":2,"parameters":["It ignores you back. Continuing to mumble to itself."]},{"code":0,"indent":2,"parameters":[]},{"code":402,"indent":1,"parameters":[2,"Engage in its conversation."]},{"code":101,"indent":2,"parameters":["",0,0,2]},{"code":401,"indent":2,"parameters":["The two of you have a heated debate about the"]},{"code":401,"indent":2,"parameters":["geopolitical implications of free trade between"]},{"code":401,"indent":2,"parameters":["solar systems and the powerful influence of the"]},{"code":401,"indent":2,"parameters":["Quadralateral Coaltion over galactic law."]},{"code":117,"indent":2,"parameters":[59]},{"code":0,"indent":2,"parameters":[]},{"code":404,"indent":1,"parameters":[]},{"code":0,"indent":1,"parameters":[]},{"code":411,"indent":0,"parameters":[]},{"code":111,"indent":1,"parameters":[1,20,0,1,0]},{"code":101,"indent":2,"parameters":["",0,0,2]},{"code":401,"indent":2,"parameters":["Man, it's so damn cold in this place."]},{"code":401,"indent":2,"parameters":["Do you have a towel or something I can borrow?"]},{"code":102,"indent":2,"parameters":[["Douglas Adam's fan?","Why the hell whould I bring a towel?","I can see right through you, skeleton man."],-1,0,2,0]},{"code":402,"indent":2,"parameters":[0,"Douglas Adam's fan?"]},{"code":101,"indent":3,"parameters":["",0,0,2]},{"code":401,"indent":3,"parameters":["Yeah you know it! Never leave home without a towel!"]},{"code":401,"indent":3,"parameters":["\\|Me?"]},{"code":401,"indent":3,"parameters":["I brought one, but it rotted away. =("]},{"code":111,"indent":3,"parameters":[1,27,0,0,0]},{"code":101,"indent":4,"parameters":["",0,0,2]},{"code":401,"indent":4,"parameters":["SWEET!! You're getting pumped!"]},{"code":401,"indent":4,"parameters":["Your attack has temporarily increased!"]},{"code":122,"indent":4,"parameters":[27,27,0,0,5]},{"code":0,"indent":4,"parameters":[]},{"code":411,"indent":3,"parameters":[]},{"code":101,"indent":4,"parameters":["",0,0,2]},{"code":401,"indent":4,"parameters":["It looks like you already have a stat boost..."]},{"code":0,"indent":4,"parameters":[]},{"code":412,"indent":3,"parameters":[]},{"code":0,"indent":3,"parameters":[]},{"code":402,"indent":2,"parameters":[1,"Why the hell whould I bring a towel?"]},{"code":101,"indent":3,"parameters":["",0,0,2]},{"code":401,"indent":3,"parameters":["C'mon man, get with the program."]},{"code":0,"indent":3,"parameters":[]},{"code":402,"indent":2,"parameters":[2,"I can see right through you, skeleton man."]},{"code":101,"indent":3,"parameters":["",0,0,2]},{"code":401,"indent":3,"parameters":["Yeah, you and everyone else brother."]},{"code":0,"indent":3,"parameters":[]},{"code":404,"indent":2,"parameters":[]},{"code":0,"indent":2,"parameters":[]},{"code":411,"indent":1,"parameters":[]},{"code":111,"indent":2,"parameters":[1,20,0,2,0]},{"code":101,"indent":3,"parameters":["",0,0,2]},{"code":401,"indent":3,"parameters":["What is your favorite color?"]},{"code":102,"indent":3,"parameters":[["Red","Blue","Cerulean"],-1,0,2,0]},{"code":402,"indent":3,"parameters":[0,"Red"]},{"code":101,"indent":4,"parameters":["",0,0,2]},{"code":401,"indent":4,"parameters":["I hate red."]},{"code":0,"indent":4,"parameters":[]},{"code":402,"indent":3,"parameters":[1,"Blue"]},{"code":101,"indent":4,"parameters":["",0,0,2]},{"code":401,"indent":4,"parameters":["I hate blue."]},{"code":0,"indent":4,"parameters":[]},{"code":402,"indent":3,"parameters":[2,"Cerulean"]},{"code":101,"indent":4,"parameters":["",0,0,2]},{"code":401,"indent":4,"parameters":["LIAR!"]},{"code":0,"indent":4,"parameters":[]},{"code":404,"indent":3,"parameters":[]},{"code":0,"indent":3,"parameters":[]},{"code":412,"indent":2,"parameters":[]},{"code":0,"indent":2,"parameters":[]},{"code":412,"indent":1,"parameters":[]},{"code":0,"indent":1,"parameters":[]},{"code":412,"indent":0,"parameters":[]},{"code":0,"indent":0,"parameters":[]}],"name":"MEATLESS Speech Craft options","switchId":1,"trigger":0},
{"id":68,"list":[{"code":122,"indent":0,"parameters":[20,20,0,2,0,2]},{"code":111,"indent":0,"parameters":[1,20,0,0,0]},{"code":101,"indent":1,"parameters":["",0,0,2]},{"code":401,"indent":1,"parameters":["..."]},{"code":401,"indent":1,"parameters":["(He's looking at you pensivley.)"]},{"code":102,"indent":1,"parameters":[["Ask it about his heritage.","Give it a hug.","Ask it about the weather."],-1,0,2,0]},{"code":402,"indent":1,"parameters":[0,"Ask it about his heritage."]},{"code":101,"indent":2,"parameters":["",0,0,2]},{"code":401,"indent":2,"parameters":["It's looking at you menacingly."]},{"code":0,"indent":2,"parameters":[]},{"code":402,"indent":1,"parameters":[1,"Give it a hug."]},{"code":101,"indent":2,"parameters":["",0,0,2]},{"code":401,"indent":2,"parameters":["You go to hug the horrific creature./|"]},{"code":401,"indent":2,"parameters":["It accepts your offer."]},{"code":101,"indent":2,"parameters":["",0,0,2]},{"code":401,"indent":2,"parameters":["(Your heart seems to be enlightened by the"]},{"code":401,"indent":2,"parameters":["platonic embrace.)"]},{"code":117,"indent":2,"parameters":[59]},{"code":0,"indent":2,"parameters":[]},{"code":402,"indent":1,"parameters":[2,"Ask it about the weather."]},{"code":101,"indent":2,"parameters":["",0,0,2]},{"code":401,"indent":2,"parameters":["It goes on for about an hour about the atmospheric"]},{"code":401,"indent":2,"parameters":["conditions on this little asteroid he calls home."]},{"code":0,"indent":2,"parameters":[]},{"code":404,"indent":1,"parameters":[]},{"code":0,"indent":1,"parameters":[]},{"code":411,"indent":0,"parameters":[]},{"code":111,"indent":1,"parameters":[1,20,0,1,0]},{"code":101,"indent":2,"parameters":["",0,0,2]},{"code":401,"indent":2,"parameters":["It looks at you and slowly blinks."]},{"code":401,"indent":2,"parameters":["It let's out a loud belch that smells like rotting"]},{"code":401,"indent":2,"parameters":["and metal."]},{"code":102,"indent":2,"parameters":[["Boy, you nasty.","I never beleived blog people were real!","Try tickling him."],-1,0,2,0]},{"code":402,"indent":2,"parameters":[0,"Boy, you nasty."]},{"code":101,"indent":3,"parameters":["",0,0,2]},{"code":401,"indent":3,"parameters":["The nast tick replies in kind."]},{"code":0,"indent":3,"parameters":[]},{"code":402,"indent":2,"parameters":[1,"I never beleived blog people were real!"]},{"code":101,"indent":3,"parameters":["",0,0,2]},{"code":401,"indent":3,"parameters":["Go away please. I'm just trying to digest my meal yo."]},{"code":0,"indent":3,"parameters":[]},{"code":402,"indent":2,"parameters":[2,"Try tickling him."]},{"code":101,"indent":3,"parameters":["",0,0,2]},{"code":401,"indent":3,"parameters":["At first the tick struggles, but it's too full to"]},{"code":401,"indent":3,"parameters":["fend off your tickling. You tickle him until he falls"]},{"code":401,"indent":3,"parameters":["into a deep sleep."]},{"code":113,"indent":3,"parameters":[]},{"code":0,"indent":3,"parameters":[]},{"code":404,"indent":2,"parameters":[]},{"code":0,"indent":2,"parameters":[]},{"code":411,"indent":1,"parameters":[]},{"code":111,"indent":2,"parameters":[1,20,0,2,0]},{"code":101,"indent":3,"parameters":["",0,0,2]},{"code":401,"indent":3,"parameters":["Hey. You there. Can you get me a scone from the"]},{"code":401,"indent":3,"parameters":["room right down the hall. I really need some"]},{"code":401,"indent":3,"parameters":["dessert to top off the feast I jsut had."]},{"code":102,"indent":3,"parameters":[["Get your own scone!","You snooze you loose.","Nah, you don't need the calories."],-1,0,2,0]},{"code":402,"indent":3,"parameters":[0,"Get your own scone!"]},{"code":101,"indent":4,"parameters":["",0,0,2]},{"code":401,"indent":4,"parameters":["Fine, whatever.\\|"]},{"code":401,"indent":4,"parameters":["*b\\.u\\.u\\.u\\.u\\.u\\.r\\.r\\.r\\.r\\.p\\.p*"]},{"code":117,"indent":4,"parameters":[59]},{"code":0,"indent":4,"parameters":[]},{"code":402,"indent":3,"parameters":[1,"You snooze you loose."]},{"code":101,"indent":4,"parameters":["",0,0,2]},{"code":401,"indent":4,"parameters":["Nice cliche, turd."]},{"code":401,"indent":4,"parameters":["Just leave me in peace please."]},{"code":0,"indent":4,"parameters":[]},{"code":402,"indent":3,"parameters":[2,"Nah, you don't need the calories."]},{"code":101,"indent":4,"parameters":["",0,0,2]},{"code":401,"indent":4,"parameters":["These petty ad hominem attacks really don't behoove you."]},{"code":0,"indent":4,"parameters":[]},{"code":404,"indent":3,"parameters":[]},{"code":0,"indent":3,"parameters":[]},{"code":412,"indent":2,"parameters":[]},{"code":0,"indent":2,"parameters":[]},{"code":412,"indent":1,"parameters":[]},{"code":0,"indent":1,"parameters":[]},{"code":412,"indent":0,"parameters":[]},{"code":0,"indent":0,"parameters":[]}],"name":"CAVETICK Speech Craft options","switchId":1,"trigger":0},
{"id":69,"list":[{"code":101,"indent":0,"parameters":["",0,0,2]},{"code":401,"indent":0,"parameters":["This creature is either too good, too smart, unable,"]},{"code":401,"indent":0,"parameters":["incapable, preoccupied, unconcerned, innebriated, "]},{"code":401,"indent":0,"parameters":["unaware, or too unintelligent to speak with you"]},{"code":401,"indent":0,"parameters":["right now."]},{"code":0,"indent":0,"parameters":[]}],"name":"MFQ Speech Craft options","switchId":1,"trigger":0},
{"id":70,"list":[{"code":101,"indent":0,"parameters":["",0,0,2]},{"code":401,"indent":0,"parameters":["This creature is either too good, too smart, unable,"]},{"code":401,"indent":0,"parameters":["incapable, preoccupied, unconcerned, innebriated, "]},{"code":401,"indent":0,"parameters":["unaware, or too unintelligent to speak with you"]},{"code":401,"indent":0,"parameters":["right now."]},{"code":0,"indent":0,"parameters":[]}],"name":"WHIEYE Speech Craft options","switchId":1,"trigger":0},
{"id":71,"list":[{"code":101,"indent":0,"parameters":["",0,0,2]},{"code":401,"indent":0,"parameters":["This creature is either too good, too smart, unable,"]},{"code":401,"indent":0,"parameters":["incapable, preoccupied, unconcerned, innebriated, "]},{"code":401,"indent":0,"parameters":["unaware, or too unintelligent to speak with you"]},{"code":401,"indent":0,"parameters":["right now."]},{"code":0,"indent":0,"parameters":[]}],"name":"CAPDR Speech Craft options","switchId":1,"trigger":0},
{"id":72,"list":[{"code":101,"indent":0,"parameters":["",0,0,2]},{"code":401,"indent":0,"parameters":["This creature is either too good, too smart, unable,"]},{"code":401,"indent":0,"parameters":["incapable, preoccupied, unconcerned, innebriated, "]},{"code":401,"indent":0,"parameters":["unaware, or too unintelligent to speak with you"]},{"code":401,"indent":0,"parameters":["right now."]},{"code":0,"indent":0,"parameters":[]}],"name":"XILEF Speech Craft options","switchId":1,"trigger":0},
{"id":73,"list":[{"code":0,"indent":0,"parameters":[]}],"name":"","switchId":1,"trigger":0},
{"id":74,"list":[{"code":0,"indent":0,"parameters":[]}],"name":"","switchId":1,"trigger":0},
{"id":75,"list":[{"code":0,"indent":0,"parameters":[]}],"name":"","switchId":1,"trigger":0},
{"id":76,"list":[{"code":0,"indent":0,"parameters":[]}],"name":"","switchId":1,"trigger":0},
{"id":77,"list":[{"code":0,"indent":0,"parameters":[]}],"name":"","switchId":1,"trigger":0},
{"id":78,"list":[{"code":0,"indent":0,"parameters":[]}],"name":"","switchId":1,"trigger":0},
{"id":79,"list":[{"code":0,"indent":0,"parameters":[]}],"name":"","switchId":1,"trigger":0},
{"id":80,"list":[{"code":0,"indent":0,"parameters":[]}],"name":"","switchId":1,"trigger":0}
]